wind_dir_degt,wind_speed_mps,gust_speed_mps,significant_wave_height_m,dominant_wave_period_sec,avg_wave_period_sec,wave_dir_degt,sea_level_pressure_hpa,air_temp_degc,sea_surface_temp_degc,dewpoint_temp_degc,station_visibility_nmi,pressure_tendency_hpa,water_level_ft,station_id,lat,lon,station_elev,station_name,station_owner,station_pgm,station_type,station_met,station_currents,station_waterquality,station_dart,timestamp
4,4,4.9,,,,,1013.5,,26.3,27.2,,,,"13001",12,-23,,,,,,,,,,1655362800000000000
37,8.6,10.4,,,,,,,22.5,22.6,,,,"13002",21,-23,,,,,,,,,,1655362800000000000
351,7,8.7,,,,,1015.6,,25.2,,,,,"13008",15,-38,,,,,,,,,,1655362800000000000
127,9.3,11.1,,,,,1011.4,,27.4,27.6,,,,"14040",-8,67,,,,,,,,,,1655362800000000000
109,10.9,13.5,,,,,1013.1,,26.3,26.7,,,,"14043",-12,67,,,,,,,,,,1655362800000000000
128,6.6,7.7,,,,,1013.8,,24.9,26.3,,,,"15001",-10,-10,,,,,,,,,,1655362800000000000
207,6.8,,,,,,,,25.6,26.5,,,,"15002",0,-10,,,,,,,,,,1655370000000000000
164,4.8,5.7,,,,,,,25.9,27.2,,,,"15006",-6,-10,,,,,,,,,,1655362800000000000
180,3,,,,,,,,17.7,16.4,,,,"22101",37.24,126.02,,,,,,,,,,1655370000000000000
310,2,,,,,,,,17.9,15.5,,,,"22102",34.79,125.78,,,,,,,,,,1655370000000000000
110,2,,,,,,,,20.1,20.3,,,,"22103",34,127.5,,,,,,,,,,1655370000000000000
230,6,,,,,,,,20.9,20.9,,,,"22104",34.77,128.9,,,,,,,,,,1655370000000000000
140,3,,,,,,,,21.1,19.6,,,,"22105",37.54,130,,,,,,,,,,1655370000000000000
190,3,,,,,,,,24.8,20.8,,,,"22106",36.35,129.78,,,,,,,,,,1655370000000000000
170,5,,,,,,,,23.4,21.8,,,,"22107",33.08,126.03,,,,,,,,,,1655370000000000000
160,2,,,,,,,,20.1,22.6,,,,"22108",36.25,125.75,,,,,,,,,,1655370000000000000
105,5.8,,,,,,1017.5,,23.3,26,,,,"31005",-19,-34,,,,,,,,,,1655366400000000000
177,5.8,7,,,,,,,27.5,28.8,,,,"31006",4,-23,,,,,,,,,,1655362800000000000
135,3.5,4.2,,,,,1013.4,,26.1,26.9,,,,"31007",0,-23,,,,,,,,,,1655362800000000000
120,8,,,,,,1023.4,,17.9,19.2,11.1,,,"32ST0",-22,-85,,,,,,,,,,1655368200000000000
30,6,8,,,,,1020.2,,23.5,26.2,,,,"41001",34.714,-72.248,,,,,,,,,,1655371200000000000
60,6,9,,,,,1017.6,,25.7,27.9,21.5,,,"41002",31.759,-74.936,,,,,,,,,,1655371200000000000
120,4,4,,,,,1019.5,,26.9,27.9,22.6,,,"41004",32.502,-79.099,,,,,,,,,,1655371200000000000
70,3,3,0.7,4,4.2,58,1017.8,-0.5,27.7,28.4,,,,"41008",31.4,-80.866,,,,,,,,,,1655369400000000000
240,2,2,,,,,1017,,27.3,27.8,25.2,,,"41009",28.508,-80.185,,,,,,,,,,1655371200000000000
280,4,5,,,,,1018,,27.9,28.4,25.3,,,"41010",28.878,-78.485,,,,,,,,,,1655371200000000000
110,5,6,,,,,1020.1,,26.1,26.7,21.2,,,"41013",33.441,-77.764,,,,,,,,,,1655371200000000000
130,4,6,,,,,1020.3,,26.4,27.2,,,,"41024",33.837,-78.477,,,,,,,,,,1655370480000000000
70,3,5,,,,,1020.5,,,27.2,,,,"41025",35.01,-75.454,,,,,,,,,,1655371200000000000
130,4,7,,,,,1019.2,,26.8,27.8,,,,"41029",32.803,-79.624,,,,,,,,,,1655370480000000000
120,4,6,,,,,1018.4,,27.2,28.1,,,,"41033",32.279,-80.406,,,,,,,,,,1655363280000000000
130,4,6,,,,,1020.4,,26.4,26.8,,,,"41037",33.988,-77.362,,,,,,,,,,1655370480000000000
130,5,6,,,,,1020.9,,25.7,26.4,,,,"41038",34.141,-77.715,,,,,,,,,,1655366880000000000
80,9,11,,,,,1016.5,,26.6,27.2,21.9,,,"41040",14.54,-53.329,,,,,,,,,,1655371200000000000
110,6,7,,,,,1015.4,,27.7,28,26,,,"41043",21.026,-64.793,,,,,,,,,,1655371200000000000
,6,7,,,,,1018.7,,,27.6,,,,"41044",21.582,-58.63,,,,,,,,,,1655371200000000000
140,1,2,,,,,1017.9,,27.4,27.9,25.2,,,"41046",23.822,-68.384,,,,,,,,,,1655371200000000000
240,7,9,,,,,1015.5,,26.8,27.6,22.9,,,"41047",27.465,-71.452,,,,,,,,,,1655371200000000000
20,6,9,,,,,1017.9,,23.7,24.4,17.8,,,"41048",31.831,-69.573,,,,,,,,,,1655371200000000000
230,7,10,,,,,1015.5,,26.5,26.8,24.5,,,"41049",27.49,-62.938,,,,,,,,,,1655371200000000000
110,6,7,1,6,,105,1015,0,28.2,28.2,,,,"41052",18.249,-64.763,,,,,,,,,,1655370000000000000
130,4,5,0.9,6,,62,1015,-0.5,26.9,28.2,,,,"41053",18.474,-66.099,,,,,,,,,,1655370000000000000
140,4,5,,,,,1020.7,,26.1,26,,,,"41064",34.207,-76.949,,,,,,,,,,1655370480000000000
,,,0.7,5,,108,,,,27.5,,,,"41065",32.802,-79.619,,,,,,,,,,1655368500000000000
120,5,7,,,,,1019.4,,26.9,27.2,,,,"41066",32.536,-79.656,,,,,,,,,,1655370480000000000
,,,0.9,5,,81,,,,26.9,,,,"41076",32.536,-79.659,,,,,,,,,,1655371020000000000
,,,0.8,5,3.7,89,,,,26.7,,,,"41108",33.722,-78.016,,,,,,,,,,1655370000000000000
,,,0.8,5,,,,,,26.5,,,,"41110",34.142,-77.715,,,,,,,,,,1655369760000000000
,,,0.5,9,4.2,105,,,27.6,28.6,,,,"41112",30.709,-81.292,,,,,,,,,,1655370000000000000
,,,0.3,8,,,,,,27.7,,,,"41113",28.4,-80.533,,,,,,,,,,1655369760000000000
,,,0.3,8,,,,,,27.7,,,,"41114",27.551,-80.217,,,,,,,,,,1655369760000000000
,,,0.4,5,,,,,,28.4,,,,"41115",18.376,-67.28,,,,,,,,,,1655369760000000000
,,,0.4,9,4.3,101,,,27.4,28.2,,,,"41117",30,-81.08,,,,,,,,,,1655370000000000000
,,,1,7,,,,,,25.1,,,,"41120",35.259,-75.286,,,,,,,,,,1655369760000000000
,,,0.9,6,5.1,59,,,,28.1,,,,"41121",18.49,-66.701,,,,,,,,,,1655371560000000000
62,7.1,8,,,,,1018.3,,24.5,25.1,,,,"41139",20,-38,,,,,,,,,,1655370000000000000
,9,,,,,,1014.9,,26.6,,22.3,,,"41NT0",15,-51,,,,,,,,,,1655368200000000000
120,2,4,,,,,1017,,28.3,29.1,,,,"42002",26.055,-93.646,,,,,,,,,,1655371200000000000
,0,1,,,,,,,28.8,,,,,"42012",30.06,-87.548,,,,,,,,,,1655371200000000000
50,2,3,,,,,,,28.4,,,,,"42013",27.173,-82.924,,,,,,,,,,1655368200000000000
,6,7,,,,,1016.9,,28.3,,24.9,,,"42019",27.91,-95.345,,,,,,,,,,1655371200000000000
170,7,8,,,,,1016.8,,27.9,28.2,25.4,,,"42020",26.968,-96.693,,,,,,,,,,1655371200000000000
360,2,3,,,,,1017.3,,,29,,,,"42022",27.505,-83.741,,,,,,,,,,1655368200000000000
10,4,6,,,,,1017.1,,,29,,,,"42023",26.01,-83.086,,,,,,,,,,1655368200000000000
100,5,6,,,,,1016.8,,28.7,28.9,,,,"42026",25.171,-83.475,,,,,,,,,,1655368200000000000
200,5,6,,,,,1017.1,,28.2,,25.4,,,"42035",29.232,-94.413,,,,,,,,,,1655371200000000000
300,1,2,,,,,1016.3,,28.1,29.1,26.3,,,"42036",28.501,-84.508,,,,,,,,,,1655371200000000000
200,1,2,,,,,1017.5,,28.4,29.3,25.7,,,"42039",28.787,-86.007,,,,,,,,,,1655371200000000000
160,2,3,,,,,1017.1,,28.2,30.2,25.2,,,"42040",29.207,-88.237,,,,,,,,,,1655371200000000000
80,7,9,,,,,1015.8,,,28.8,,,,"42055",22.124,-93.941,,,,,,,,,,1655371200000000000
120,4,5,,,,,,,27.9,28.3,23.3,,,"42056",19.82,-84.945,,,,,,,,,,1655371200000000000
170,8,10,,,,,1014.1,,25.4,28.1,24.3,,,"42059",15.3,-67.483,,,,,,,,,,1655371200000000000
,9,10,,,,,1015.4,,,,,,,"42060",16.434,-63.329,,,,,,,,,,1655371200000000000
90,7,9,,,,,1015.6,,28.4,,,,,"42085",17.869,-66.532,,,,,,,,,,1655368200000000000
,,,0.8,6,3.7,99,,,28.2,28.6,,,,"42095",24.407,-81.967,,,,,,,,,,1655370000000000000
,,,0.4,3,,,,,,28.7,,,,"42097",25.701,-83.65,,,,,,,,,,1655369760000000000
,,,0.4,7,4.7,223,,,,28.1,,,,"42099",27.349,-84.275,,,,,,,,,,1655371560000000000
180,3,4,0.8,8,7.6,95,1021.7,0.4,15.5,15.6,14.5,,,"44005",43.201,-69.127,,,,,,,,,,1655369400000000000
200,2,2,,,,,1021.2,,16.2,16.4,12.9,,,"44007",43.525,-70.14,,,,,,,,,,1655371200000000000
20,4,6,,,,,1021.6,,,14.9,,,,"44008",40.496,-69.25,,,,,,,,,,1655371200000000000
150,5,6,,,,,1021.4,,20.5,21.1,18.8,,,"44009",38.46,-74.692,,,,,,,,,,1655371200000000000
,,,,,,,1022.7,,,12.7,,,,"44011",41.093,-66.562,,,,,,,,,,1655371200000000000
180,5,6,,,,,1023.2,,,17.3,,,,"44013",42.346,-70.651,,,,,,,,,,1655371200000000000
80,4,4,,,,,1019.7,,,,,,,"44014",36.609,-74.842,,,,,,,,,,1655371200000000000
190,2,2,,,,,1023.1,,18.1,,14,,,"44017",40.693,-72.049,,,,,,,,,,1655371200000000000
160,3,4,,,,,1022.7,,15.7,15.7,14.3,,,"44018",42.203,-70.154,,,,,,,,,,1655371200000000000
180,3,4,,,,,1022.5,,17.3,18.7,,,,"44020",41.493,-70.279,,,,,,,,,,1655371200000000000
120,2,4,,,,,,,18.3,,15.7,,,"44022",40.883,-73.728,,,,,,,,,,1655370900000000000
,4,5,,,,,1021.1,,,19.3,,,,"44025",40.251,-73.164,,,,,,,,,,1655371200000000000
180,2,2,0.2,,5.7,,1022.1,0,12.1,11.4,12.1,,,"44027",44.283,-67.3,,,,,,,,,,1655369400000000000
,,,0.3,5,,,,,,16.8,,,,"44029",42.523,-70.566,,,,,,,,,,1655366640000000000
190,2,2,0.3,6,,,1020.8,,16.1,,,1.6,,"44030",43.179,-70.426,,,,,,,,,,1655366640000000000
190,2,2,0.3,8,,,1021.8,,15.2,15,,1.6,,"44032",43.715,-69.355,,,,,,,,,,1655366640000000000
180,1,2,0.2,,,,1021.7,,14.5,,,0,,"44033",44.055,-68.996,,,,,,,,,,1655366640000000000
190,3,3,0.4,8,,,1021.4,,11.5,10.2,,1.6,,"44034",44.103,-68.112,,,,,,,,,,1655366640000000000
190,4,4,0.8,8,,,,,14.1,,,1.6,,"44037",43.497,-67.876,,,,,,,,,,1655366640000000000
130,2,3,,,,,,,18.2,,16.2,,,"44040",40.956,-73.58,,,,,,,,,,1655370900000000000
170,4,5,,,,,,,22.6,,,,,"44041",37.211,-76.787,,,,,,,,,,1655371080000000000
160,5,7,,,,,,,22.6,24.5,,,,"44042",38.033,-76.335,,,,,,,,,,1655370720000000000
,,,0.8,8,,,,,,22.9,,,,"44056",36.2,-75.714,,,,,,,,,,1655369760000000000
170,6,7,,,,,,,22.3,24.8,,,,"44058",37.567,-76.257,,,,,,,,,,1655370720000000000
180,8,10,,,,,1021.4,,22,23.7,,,,"44062",38.556,-76.415,,,,,,,,,,1655370720000000000
170,8,10,0.3,2,,,1020.3,,22.2,23.6,,,,"44063",38.963,-76.448,,,,,,,,,,1655370720000000000
140,3,4,,,,,1021.4,,21.6,,,,,"44064",36.998,-76.087,,,,,,,,,,1655371080000000000
160,6,7,,,,,1020.7,,,20.3,,,,"44065",40.369,-73.703,,,,,,,,,,1655371200000000000
90,2,3,,,,,1022.2,,18.4,18.9,15.5,,,"44066",39.609,-72.65,,,,,,,,,,1655371200000000000
160,4,5,,,,,,,19.3,,17.8,,,"44069",40.698,-73.087,,,,,,,,,,1655370000000000000
200,3,3,0.2,,,,,,22.5,24.1,,,,"44072",37.201,-76.266,,,,,,,,,,1655371080000000000
,,,0.8,9,5.6,55,,,,24.2,,,,"44086",36.001,-75.421,,,,,,,,,,1655371560000000000
,,,0.9,9,6,82,,,20.9,21,,,,"44088",36.611,-74.841,,,,,,,,,,1655370000000000000
,,,0.9,4,4,85,,,,21.3,,,,"44089",37.754,-75.325,,,,,,,,,,1655371560000000000
,,,0.1,,,,,,,17.3,,,,"44090",41.84,-70.329,,,,,,,,,,1655369760000000000
,,,0.8,5,4.3,77,,,,20.5,,,,"44091",39.768,-73.77,,,,,,,,,,1655369760000000000
,,,0.8,8,5.6,68,,,,25.4,,,,"44095",35.75,-75.33,,,,,,,,,,1655371560000000000
,,,0.5,7,5.1,167,,,,17.7,,,,"44097",40.967,-71.126,,,,,,,,,,1655371560000000000
,,,0.5,10,6.2,103,,,,16.2,,,,"44098",42.8,-70.171,,,,,,,,,,1655371560000000000
,,,0.7,7,,,,,,23.2,,,,"44099",36.915,-75.722,,,,,,,,,,1655369760000000000
10,8,9,1.8,8,,,1020.8,1.8,12.4,,,,,"44137",42.26,-62.03,,,,,,,,,,1655370000000000000
,,,1.3,8,,,1019.5,1.1,10.7,10.1,,,,"44139",44.24,-57.1,,,,,,,,,,1655370000000000000
30,6,7,1.2,7,,,1021.6,1.1,12.7,12.4,,,,"44150",42.5,-64.02,,,,,,,,,,1655370000000000000
250,1,2,0.8,7,,,1021.6,0.3,12.1,10.8,,,,"44258",44.5,-63.4,,,,,,,,,,1655370000000000000
280,2,3,0.7,7,,,1020.6,0.3,9.6,9,,,,"44488",45.44,-60.95,,,,,,,,,,1655370000000000000
290,3,4,0.3,6,,,1020.7,0.4,10.9,9.8,,,,"44489",45.49,-61.14,,,,,,,,,,1655370000000000000
210,2,2,0.1,3,,,1022.3,0.9,11.9,12.1,,,,"44490",44.66,-66.37,,,,,,,,,,1655370000000000000
180,3,4,,,,,1002.7,,4.1,2.6,,,,"45001",48.061,-87.793,,,,,,,,,,1655371800000000000
190,5,6,,,,,1008.1,,9.2,7.9,,,,"45002",45.344,-86.411,,,,,,,,,,1655371800000000000
180,2,3,,,,,1007.4,,10.2,4.1,,,,"45003",45.351,-82.84,,,,,,,,,,1655371800000000000
180,4,5,,,,,1005.3,,4.4,2.7,,,,"45004",47.585,-86.585,,,,,,,,,,1655371800000000000
210,6,7,,,,,1013,,23.8,20.8,21.7,,,"45005",41.677,-82.398,,,,,,,,,,1655371800000000000
190,7,8,,,,,999.9,,,2.7,,,,"45006",47.335,-89.793,,,,,,,,,,1655371800000000000
210,4,4,,,,,1012.2,,15.1,13.2,15.1,,,"45007",42.674,-87.026,,,,,,,,,,1655371800000000000
220,6,7,,,,,1011.9,,14.2,9.5,14.2,,,"45008",44.283,-82.416,,,,,,,,,,1655371800000000000
170,4,5,,,,,,,,16,,,,"45012",43.621,-77.401,,,,,,,,,,1655371800000000000
,4,5,,,,,1007.8,,16.3,,16.1,,,"45022",45.405,-85.087,,,,,,,,,,1655372400000000000
200,5,6,0.8,4,,247,1007.7,,13.2,11.9,,,,"45024",43.981,-86.556,,,,,,,,,,1655371800000000000
200,4,4,0.2,,,151,1003.7,,12.3,9,12.1,,,"45025",46.969,-88.398,,,,,,,,,,1655372400000000000
150,2,3,0.4,3,,198,1012.9,,20.2,18.8,17.8,,,"45026",41.982,-86.619,,,,,,,,,,1655371800000000000
220,1,1,0.1,,,32,1002.3,,8.4,3,8.3,,,"45027",46.86,-91.93,,,,,,,,,,1655371800000000000
230,2,3,,,,,,,,,,,,"45028",46.814,-91.829,,,,,,,,,,1655371800000000000
180,5,6,0.5,4,,211,1011.3,,18.7,17.6,16.6,,,"45029",42.9,-86.272,,,,,,,,,,1655371800000000000
230,6,6,0.3,3,,,,-0.1,21.1,18.7,,,,"45132",42.46,-81.22,,,,,,,,,,1655370000000000000
180,6,8,,,,,,-1,18.5,15.9,,,,"45135",43.78,-76.87,,,,,,,,,,1655370000000000000
150,2,3,0.5,4,,,,-0.4,4.2,2.6,,,,"45136",48.54,-86.95,,,,,,,,,,1655370000000000000
180,5,5,0.5,4,,,,-1.2,10.9,10,,,,"45137",45.54,-81.02,,,,,,,,,,1655370000000000000
350,1,1,0.4,4,,,1011.9,-0.8,17.7,17.5,,,,"45139",43.25,-79.53,,,,,,,,,,1655370000000000000
220,6,7,0.4,2,,,,0,22.8,18.6,,,,"45142",42.74,-79.29,,,,,,,,,,1655370000000000000
230,2,4,0.3,3,,,,-1,14.6,8.2,,,,"45143",44.94,-80.627,,,,,,,,,,1655370000000000000
200,5,,0.3,2,,,1011.3,-0.1,17.8,13.2,,,,"45149",43.54,-82.08,,,,,,,,,,1655370000000000000
210,3,,0,2,,,,-1.6,19.2,18.4,,,,"45151",44.5,-79.37,,,,,,,,,,1655370000000000000
180,6,,0.2,2,,,,-1.5,20.8,18,,,,"45152",46.23,-79.72,,,,,,,,,,1655370000000000000
210,5,,0.1,2,,,,-2.5,17.7,,,,,"45154",46.05,-82.64,,,,,,,,,,1655370000000000000
80,0,1,0.4,4,,,1011.6,-0.7,16,15.2,,,,"45159",43.77,-78.98,,,,,,,,,,1655370000000000000
170,4,5,0.4,3,,206,1011.5,,16.6,,,,,"45161",43.182,-86.36,,,,,,,,,,1655371200000000000
170,6,7,0.3,2,,124,1007.1,,15.1,14.2,,,,"45162",44.988,-83.27,,,,,,,,,,1655371200000000000
210,6,8,0.4,2,,232,1010.7,-0.3,20.6,,,,,"45163",43.985,-83.596,,,,,,,,,,1655370000000000000
,5,6,0.2,,,,,,23.5,20.8,,,,"45164",41.748,-81.698,,,,,,,,,,1655370000000000000
190,6,7,0.3,2,,192,,,26.4,23.7,,,,"45165",41.702,-83.261,,,,,,,,,,1655371800000000000
200,6,7,0.3,3,,223,,,24.8,21.1,,,,"45167",42.185,-80.135,,,,,,,,,,1655370000000000000
200,6,8,0.5,4,,219,1012.3,,19.9,18,18.2,,,"45168",42.397,-86.331,,,,,,,,,,1655371800000000000
100,3,4,0.3,2,,295,,,20.1,,19,,,"45170",41.755,-86.968,,,,,,,,,,1655371200000000000
210,2,2,0.2,,,66,1011.1,,,16.6,,,,"45174",42.135,-87.655,,,,,,,,,,1655371800000000000
260,7,8,0.6,3,,,1007.8,,15,12.4,15,,,"45175",45.825,-84.772,,,,,,,,,,1655372100000000000
230,5,7,0.3,,,234,1014.4,,25.6,21.9,,,,"45176",41.55,-81.765,,,,,,,,,,1655371800000000000
,,,0.6,5,3.5,113,,,,2.7,,,,"45180",48.034,-87.73,,,,,,,,,,1655371560000000000
220,4,5,0.3,2,,,1011.1,,17.5,14,,,,"45183",44.982,-85.831,,,,,,,,,,1655371800000000000
,,,0.2,,,264,1010.7,,18.4,15.4,,,,"45186",42.368,-87.795,,,,,,,,,,1655371800000000000
,,,0.2,,,65,,,16.8,14,,,,"45187",42.491,-87.779,,,,,,,,,,1655371800000000000
,,,0.6,3,2.4,266,,,15.8,11.9,,,,"45194",45.804,-84.792,,,,,,,,,,1655370000000000000
,,,0.6,3,,,,,,16.7,,,,"45195",44.488,-73.339,,,,,,,,,,1655370000000000000
210,3,4,0.2,,,251,1014.2,,24.2,21.5,21.3,,,"45196",41.521,-81.88,,,,,,,,,,1655371200000000000
150,5,6,0.3,2,,214,1014.5,,24.5,21.3,21.4,,,"45197",41.619,-81.617,,,,,,,,,,1655371200000000000
170,3,4,0.2,,,42,1014.5,,18.5,17.3,17.4,,,"45198",41.892,-87.563,,,,,,,,,,1655371800000000000
160,3,5,,,,,1020.8,,8.1,9,7.8,,,"46001",56.291,-148.057,,,,,,,,,,1655371200000000000
250,8,10,,,,,1012.6,,12.7,13.6,10,,,"46002",42.662,-130.507,,,,,,,,,,1655371200000000000
10,6,7,1.6,8,,,1015.5,0.3,10.4,10.5,,,,"46004",50.93,-136.1,,,,,,,,,,1655370000000000000
150,6,8,,,,,1006.8,,10.6,11.5,9.8,,,"46005",46.134,-131.079,,,,,,,,,,1655371200000000000
310,11,15,,,,,1020.7,,,,,,,"46006",40.764,-137.377,,,,,,,,,,1655371200000000000
310,11,13,,,,,1009.9,,,,,,,"46011",34.956,-121.019,,,,,,,,,,1655371800000000000
320,9,11,,,,,1014,,12.3,,11.3,,,"46012",37.356,-122.881,,,,,,,,,,1655371800000000000
310,9,12,,,,,1013.9,,10.8,8.8,,,,"46013",38.235,-123.317,,,,,,,,,,1655371800000000000
270,1,1,,,,,1015.7,,11.6,10.8,11.6,,,"46014",39.231,-123.974,,,,,,,,,,1655371800000000000
250,3,4,,,,,1014.6,,13.4,13.8,11,,,"46015",42.752,-124.844,,,,,,,,,,1655371800000000000
170,1,1,,,,,1014.9,,12.1,13.2,11.3,,,"46022",40.748,-124.527,,,,,,,,,,1655371800000000000
150,6,7,,,,,1009.2,,16.5,17.2,16.3,,,"46025",33.755,-119.045,,,,,,,,,,1655371800000000000
310,7,8,,,,,1013.9,,,10.1,,,,"46026",37.754,-122.839,,,,,,,,,,1655371800000000000
310,2,2,,,,,1015.5,,11.5,11.3,,,,"46027",41.84,-124.382,,,,,,,,,,1655371800000000000
320,14,19,,,,,1010.3,,12.2,11.4,,,,"46028",35.77,-121.903,,,,,,,,,,1655371800000000000
180,6,7,,,,,1012.1,,12.5,14.1,,,,"46029",46.163,-124.487,,,,,,,,,,1655371800000000000
70,11,14,3.5,10,7,159,1006,-0.8,6.8,6.5,,,,"46035",57.016,-177.703,,,,,,,,,,1655369400000000000
30,9,11,2,9,,,1009.8,0.7,10,10.4,,,,"46036",48.36,-133.94,,,,,,,,,,1655370000000000000
340,8,10,,,,,1013.3,,12.2,11.4,,,,"46042",36.785,-122.396,,,,,,,,,,1655371800000000000
300,6,8,,,,,1008.8,,15.1,15.9,12.4,,,"46047",32.388,-119.525,,,,,,,,,,1655371200000000000
230,10,12,,,,,1011,,,13.7,,,,"46050",44.669,-124.546,,,,,,,,,,1655371800000000000
100,7,9,,,,,1009.9,,16.4,17.8,15.2,,,"46053",34.241,-119.839,,,,,,,,,,1655371800000000000
30,4,6,,,,,1009.3,,,16,,,,"46054",34.274,-120.468,,,,,,,,,,1655371800000000000
300,7,10,,,,,1019.2,,14.9,15.9,10.7,,,"46059",38.053,-129.967,,,,,,,,,,1655371200000000000
240,4,5,0.4,8,3.8,168,1019.8,-0.7,12.3,12.4,,,,"46060",60.586,-146.787,,,,,,,,,,1655369400000000000
60,4,4,0.7,9,5.8,209,1020.4,-0.8,12.7,12.1,,,,"46061",60.238,-146.833,,,,,,,,,,1655369400000000000
230,4,5,,,,,1021.1,,7.5,7.9,7.3,,,"46066",52.765,-155.009,,,,,,,,,,1655371200000000000
,2,7,,,,,999.1,,,7.2,,,,"46072",51.666,-172.114,,,,,,,,,,1655371200000000000
,13,16,3.7,8,7.1,94,,,,,,,,"46073",55.008,-172.012,,,,,,,,,,1655369400000000000
110,12,15,,,,,1015.2,,7.5,9,5.9,,,"46075",53.969,-160.794,,,,,,,,,,1655371200000000000
230,5,6,,,,,1020.4,,12.1,12.6,9.6,,,"46076",59.471,-148.009,,,,,,,,,,1655371200000000000
260,6,8,0.2,,3.4,,1020.4,-0.6,11.4,11,9.1,,,"46077",57.869,-154.211,,,,,,,,,,1655369400000000000
160,2,2,,,,,1021.9,,8.5,8.8,8.5,,,"46078",55.564,-152.603,,,,,,,,,,1655371200000000000
80,2,2,0.8,6,5.7,117,1020.9,-0.9,10.5,10.9,10.3,,,"46080",57.947,-150.042,,,,,,,,,,1655369400000000000
300,2,3,0,,2.4,,1020.3,-0.4,12.5,,7.3,,,"46081",60.802,-148.283,,,,,,,,,,1655369400000000000
270,7,9,1.1,8,5.2,213,1017.2,-0.5,12.4,,9.8,,,"46082",59.67,-143.353,,,,,,,,,,1655369400000000000
330,8,10,1.3,8,4.9,213,1017.4,-0.8,12.3,12,10.8,,,"46083",58.27,-138.019,,,,,,,,,,1655369400000000000
340,8,9,,,,,1014.3,,11.5,10.8,9.7,,,"46084",56.622,-136.102,,,,,,,,,,1655371200000000000
340,3,4,,,,,1020.9,,7.2,9.7,6.9,,,"46085",55.878,-142.876,,,,,,,,,,1655371200000000000
160,1,2,,,,,1009.4,,15.8,18.1,14.5,,,"46086",32.499,-118.052,,,,,,,,,,1655371800000000000
140,6,7,,,,,1011.7,,11.8,13,11.8,,,"46089",45.936,-125.793,,,,,,,,,,1655371200000000000
310,8,,,,,,1012.3,-0.6,11.6,10.7,,,,"46092",36.751,-122.029,,,,,,,,,,1655370960000000000
,,,,,,,,,,13.4,,,,"46096",46.173,-124.127,,,,,,,,,,1655368200000000000
170,8,,,,,,1012,,12.7,13.4,,,,"46097",44.639,-124.304,,,,,,,,,,1655365800000000000
210,8,,,,,,1011.1,,12.9,13.4,,,,"46098",44.381,-124.956,,,,,,,,,,1655365200000000000
150,5,,,,,,1012.4,,13,13.6,,,,"46099",46.986,-124.566,,,,,,,,,,1655362200000000000
180,5,,0.7,,,258,1011.5,,,,,,,"46100",46.851,-124.972,,,,,,,,,,1655364000000000000
,,,0.3,3,2.3,234,,,,8,,,,"46108",59.596,-151.829,,,,,,,,,,1655370000000000000
,,,1.7,8,5.6,303,,,,10.7,,,,"46114",36.7,-122.343,,,,,,,,,,1655369760000000000
,,,,,,,,,11.3,,9.9,,,"46120",47.761,-122.397,,,,,,,,,,1655371200000000000
,1,,,,,,,,12.5,,10.9,,,"46121",47.28,-122.73,,,,,,,,,,1655371200000000000
,,,,,,,,,10.8,,9.2,,,"46125",47.907,-122.627,,,,,,,,,,1655369400000000000
,,,,,,,,,,13.3,,,,"46128",43.292,-124.538,,,,,,,,,,1655370000000000000
120,4,5,0.3,3,,,1012.6,-0.3,12.4,,,,,"46131",49.91,-124.98,,,,,,,,,,1655370000000000000
70,0,1,0.7,9,,,1012.1,-0.7,11.7,11.4,,,,"46132",49.78,-127.89,,,,,,,,,,1655370000000000000
250,4,5,0.7,11,,,1010.7,-1.3,12.2,11.3,,,,"46145",54.37,-132.42,,,,,,,,,,1655370000000000000
350,3,4,,2,,,1012.8,-0.4,12.9,15.4,,,,"46146",49.34,-123.73,,,,,,,,,,1655370000000000000
300,3,4,1.3,11,,,1012.4,-1.3,10.3,10,,,,"46147",51.83,-131.22,,,,,,,,,,1655370000000000000
220,4,5,0.1,2,,,1009.4,0.1,14.4,13.7,,,,"46181",53.83,-128.83,,,,,,,,,,1655370000000000000
270,3,3,0.5,4,,,1010.3,-1,11.9,11.3,,,,"46183",53.62,-131.1,,,,,,,,,,1655370000000000000
210,7,8,0.5,13,,,1011.5,-1.3,11.3,11.8,,,,"46185",52.42,-129.79,,,,,,,,,,1655370000000000000
20,3,4,0.9,7,,,1012.1,-1,10.9,11.5,,,,"46204",51.38,-128.77,,,,,,,,,,1655370000000000000
320,7,9,1.4,11,,,1013,-1.3,11.2,10.9,,,,"46205",54.18,-134.32,,,,,,,,,,1655370000000000000
120,2,3,0.5,9,,,1012.1,-0.8,12.1,12.8,,,,"46206",48.84,-126,,,,,,,,,,1655370000000000000
40,2,3,1.2,12,,,1012.6,-0.5,11.1,11.7,,,,"46207",50.87,-129.92,,,,,,,,,,1655370000000000000
,,,0.6,13,5.9,269,,,,13.3,,,,"46211",46.857,-124.244,,,,,,,,,,1655371560000000000
,,,0.8,6,5.8,301,,,,12.9,,,,"46213",40.295,-124.732,,,,,,,,,,1655371560000000000
,,,1.4,5,4.9,332,,,,9.5,,,,"46214",37.937,-123.463,,,,,,,,,,1655371560000000000
,,,1.5,8,6.2,301,,,,11.6,,,,"46215",35.204,-120.859,,,,,,,,,,1655371560000000000
,,,2.4,8,6.4,310,,,,13.6,,,,"46218",34.452,-120.78,,,,,,,,,,1655371560000000000
,,,1.8,8,,,,,,14.8,,,,"46219",33.219,-119.872,,,,,,,,,,1655369760000000000
,,,0.7,8,6.4,279,,,,19,,,,"46221",33.86,-118.641,,,,,,,,,,1655371560000000000
,,,0.8,9,5.9,272,,,,19.3,,,,"46222",33.618,-118.317,,,,,,,,,,1655371560000000000
,,,0.6,15,6.4,202,,,,20.5,,,,"46224",33.178,-117.472,,,,,,,,,,1655371560000000000
,,,0.9,9,7.6,281,,,,19.9,,,,"46225",32.933,-117.391,,,,,,,,,,1655371560000000000
,,,1.2,5,4.3,226,,,,14.2,,,,"46229",43.772,-124.549,,,,,,,,,,1655371560000000000
,,,1,9,7.5,278,,,,18.4,,,,"46232",32.517,-117.425,,,,,,,,,,1655369760000000000
,,,0.6,8,6.7,271,,,17,20.4,,,,"46235",32.57,-117.169,,,,,,,,,,1655371560000000000
,,,1.2,7,4.1,293,,,10.4,9.9,,,,"46237",37.788,-122.632,,,,,,,,,,1655368200000000000
,,,1.7,8,5.4,300,,,,10.9,,,,"46239",36.335,-122.104,,,,,,,,,,1655371560000000000
,,,0.8,4,4.7,212,,,,14.2,,,,"46243",46.216,-124.128,,,,,,,,,,1655371560000000000
,,,0.7,8,5.9,305,,,,13.9,,,,"46244",40.896,-124.357,,,,,,,,,,1655371560000000000
,,,1.7,8,6.4,268,,,,9.2,,,,"46246",50.033,-145.205,,,,,,,,,,1655367960000000000
,,,0.8,13,4.3,261,,,,13.9,,,,"46248",46.133,-124.644,,,,,,,,,,1655371560000000000
,,,1,8,6.2,276,,,,18.3,,,,"46251",33.769,-119.565,,,,,,,,,,1655369760000000000
,,,0.7,6,6.2,272,,,,19.4,,,,"46253",33.576,-118.181,,,,,,,,,,1655371560000000000
,,,0.5,9,5.8,282,,,,20.4,,,,"46254",32.868,-117.267,,,,,,,,,,1655371560000000000
,,,0.6,17,8.9,206,,,,18.7,,,,"46256",33.7,-118.201,,,,,,,,,,1655371560000000000
,,,0.9,8,6.9,270,,,,18.7,,,,"46258",32.752,-117.501,,,,,,,,,,1655369760000000000
,,,2.9,9,6.8,326,,,,13.1,,,,"46259",34.767,-121.498,,,,,,,,,,1655371560000000000
,,,0.7,9,6.7,278,,,17.3,20.3,,,,"46266",32.957,-117.279,,,,,,,,,,1655370000000000000
,,,0.2,,6.5,,,,,10.9,,,,"46267",48.173,-123.607,,,,,,,,,,1655370000000000000
,,,0.5,5,5.3,246,,,18.4,20.7,,,,"46268",34.022,-118.578,,,,,,,,,,1655370000000000000
,,,0.8,6,4.8,271,,,,14.6,,,,"46269",36.934,-122.034,,,,,,,,,,1655370000000000000
100,2,2,,,,,1013.1,0.1,12.2,11.9,,,,"46303",49.02,-123.43,,,,,,,,,,1655370000000000000
50,3,4,0.1,2,,,1012.9,-0.3,12.9,13.8,,,,"46304",49.3,-123.36,,,,,,,,,,1655370000000000000
70,9,12,,,,,1019.3,,24.4,25.7,21.1,,,"51000",23.528,-153.792,,,,,,,,,,1655371200000000000
70,9,11,,,,,1020.4,,26.3,26.6,22.2,,,"51001",24.451,-162.008,,,,,,,,,,1655371200000000000
80,6,8,,,,,1016.1,,25.4,25.7,23.4,,,"51002",17.042,-157.746,,,,,,,,,,1655371200000000000
50,7,8,,,,,1017.3,,25.8,,22.9,,,"51003",19.196,-160.639,,,,,,,,,,1655371200000000000
80,8,10,,,,,1015.1,,25,25.6,20.3,,,"51004",17.538,-152.23,,,,,,,,,,1655371200000000000
80,9,11,,,,,1020.7,,26.3,26.6,24,,,"51101",24.359,-162.081,,,,,,,,,,1655371200000000000
,,,1.2,7,,,,,,26,,,,"51201",21.671,-158.117,,,,,,,,,,1655369760000000000
,,,1.9,8,5.4,42,,,,25.8,,,,"51202",21.417,-157.68,,,,,,,,,,1655369760000000000
,,,1.4,8,6.2,89,,,,26,,,,"51206",19.779,-154.97,,,,,,,,,,1655370900000000000
,,,1.6,7,,,,,,25.6,,,,"51207",21.477,-157.752,,,,,,,,,,1655369760000000000
,,,1.7,7,5.2,60,,,,25.4,,,,"51208",22.285,-159.574,,,,,,,,,,1655369760000000000
,,,2.4,8,,,,,,28.6,,,,"51209",-14.273,-170.5,,,,,,,,,,1655369760000000000
,,,0.6,13,5.2,163,,,24.5,25.8,,,,"51211",21.297,-157.959,,,,,,,,,,1655370000000000000
,,,0.7,7,5.1,167,,,,26.2,,,,"51212",21.323,-158.149,,,,,,,,,,1655370000000000000
80,7,,,,,,,,25.3,25.8,22.2,,,"51WH0",23,-158,,,,,,,,,,1655368200000000000
,,,1.3,7,,,,,,29.7,,,,"52200",13.354,144.788,,,,,,,,,,1655369760000000000
,,,1.4,11,5.8,8,,,,29.6,,,,"52202",13.682,144.806,,,,,,,,,,1655369760000000000
,,,1.2,13,,,,,,29.6,,,,"52211",15.268,145.662,,,,,,,,,,1655369760000000000
,,,1,6,4.3,89,,,28.7,30.1,,,,"52212",7.63,134.671,,,,,,,,,,1655370000000000000
124,9.9,11.9,,,,,,,25.2,,,,,"53006",-12,81,,,,,,,,,,1655362800000000000
110,4.6,,,,,,1019,,15.9,16.3,13.1,,,"62029",48.72,-12.43,,,,,,,,,,1655370000000000000
90,4.1,,,,,,1021.7,,14.8,,10.9,,,"62050",50,-4.4,,,,,,,,,,1655370000000000000
190,7.2,,,,,,1018.1,,15,14.2,13.7,,,"62081",51,-13.55,,,,,,,,,,1655370000000000000
110,1,,,,,,1022.5,,14.5,13.8,12.2,,,"62103",49.9,-2.9,,,,,,,,,,1655370000000000000
80,4.6,,1.2,,8,,1021.3,,15,15.3,12.2,27,,"62107",50.102,-6.1,,,,,,,,,,1655370000000000000
260,4.6,,,,,,1019.9,0.8,13.7,,,,,"62114",58.3,0,,,,,,,,,,1655370000000000000
200,4.1,,,,,,1023.1,0.7,16,,10.9,,,"62121",53.5,2.7,,,,,,,,,,1655370000000000000
130,,,,,,,1022,-0.3,16.2,,11.1,,,"62124",53.6,-3.6,,,,,,,,,,1655370000000000000
360,,,0.2,,4,,1022.5,0.8,14.7,,13.2,11,,"62127",54,0.7,,,,,,,,,,1655370000000000000
260,,,0.6,,,,1019.8,1.3,15.4,,11,27,,"62130",58.7,1.3,,,,,,,,,,1655370000000000000
220,,,,,,,1022.7,0.8,15.5,,11.5,,,"62135",54.2,1.6,,,,,,,,,,1655370000000000000
210,3.6,,0.2,,3,,1022.6,0.8,15.5,,10.6,11,,"62144",53.4,1.7,,,,,,,,,,1655370000000000000
220,7.2,,0.2,,3,,1023.4,0.9,14.8,,11.8,5,,"62145",53.102,2.8,,,,,,,,,,1655370000000000000
,,,0.5,,4,,1020.6,1,13.2,,11.4,11,,"62146",57.2,2.1,,,,,,,,,,1655370000000000000
210,3.6,,,,,,,,,,,,,"62148",53.6,1.5,,,,,,,,,,1655370000000000000
280,2.6,,0.2,,3,,1022.8,0.8,14.8,,14.8,11,,"62149",53.7,1.1,,,,,,,,,,1655370000000000000
90,7.7,,,,,,1019.5,,17.1,16.7,15.1,,,"62163",47.55,-8.47,,,,,,,,,,1655370000000000000
250,3.6,,,,,,1020.6,0.7,15.2,,13,11,,"62164",57.2,0.8,,,,,,,,,,1655370000000000000
320,1.5,,,,,,1022.6,0.8,13.1,,11.6,11,,"62165",54,1.1,,,,,,,,,,1655370000000000000
110,1.5,,0.2,,6,,1023,,16.4,15.1,14.4,5,,"62170",51.24,2,,,,,,,,,,1655370000000000000
70,3.6,,0.1,,6,,1022.8,,16.2,15.4,14.4,5,,"62304",51.102,1.8,,,,,,,,,,1655370000000000000
150,3.1,,0.2,,10,,1022.8,,16,14.6,13.3,2,,"62305",50.4,0,,,,,,,,,,1655370000000000000
200,4.6,,,,,,1016.9,,15.3,14.8,14.1,,,"62442",49,-16.5,,,,,,,,,,1655370000000000000
190,1,,1,,6,,1019.1,1.2,14.1,,9.8,11,,"63110",59.5,1.5,,,,,,,,,,1655370000000000000
250,3.1,,1.3,,6,,1017.7,1.4,13.2,,10.8,27,,"63112",61.1,1,,,,,,,,,,1655370000000000000
230,5.7,,,,,,1017.5,1.6,10.7,,10.7,0.1,,"63115",61.6,1.3,,,,,,,,,,1655370000000000000
240,4.6,,,,,,1018,1.4,,,,11,,"63117",61.4,1.1,,,,,,,,,,1655370000000000000
180,4.6,,,,,,1014.3,,11.7,11.4,8.8,,,"64045",59.15,-11.79,,,,,,,,,,1655370000000000000
220,2.1,3.1,,,,,1013.3,0,13.4,21.1,,,,"AAMC1",37.772,-122.3,,,,,,,,,,1655370000000000000
,0,,,,,,1020,,23.4,,22.7,,,"ACXS1",32.559,-80.454,,,,,,,,,,1655369100000000000
,,,,,,,1022,0,19.8,18.6,,,,"ACYN4",39.357,-74.418,,,,,,,,,,1655370000000000000
120,5.1,7.7,,,,,994.6,0,7.7,6.7,,,,"ADKA2",51.861,-176.637,,,,,,,,,,1655370000000000000
,,,,,,,1012.6,0,23.1,16.2,,,,"AGCM4",42.621,-82.527,,,,,,,,,,1655370000000000000
140,0.5,1.5,,,,,1007.6,,18.1,,,,,"AGXC1",33.716,-118.246,,,,,,,,,,1655369640000000000
130,3.1,4.6,,,,,1021.7,-0.3,10.4,10.5,,,,"ALIA2",56.898,-154.247,,,,,,,,,,1655370000000000000
,,,,,,,1013,-0.9,,18,,,,"ALXN6",44.331,-75.934,,,,,,,,,,1655370000000000000
240,5.1,6.2,,,,,1020.2,,10.7,,8.7,,,"AMAA2",58.915,-151.952,,,,,,,,,,1655371800000000000
,0,0,,,,,1017.8,,27.7,27.2,,,,"AMRL1",29.45,-91.338,,,,,,,,,,1655371080000000000
,0,,,,,,1020,,19.2,,15.1,,,"ANMN6",42.018,-73.917,,,,,,,,,,1655368200000000000
150,6.2,7.2,,,,,1015.7,,27.1,29,,,,"ANPT2",27.837,-97.039,,,,,,,,,,1655371080000000000
300,2.1,3.6,,,,,1014.4,-0.8,12.6,8.4,,,,"ANVC1",38.915,-123.711,,,,,,,,,,1655370000000000000
140,2.6,4.6,,,,,1019.6,0,23.3,26,,,,"APAM2",38.983,-76.479,,,,,,,,,,1655370000000000000
340,0.5,1,,,,,1018,,25.7,30.1,,,,"APCF1",29.724,-84.98,,,,,,,,,,1655371080000000000
210,4.1,4.1,,,,,,,18.6,,,,,"APNM4",45.06,-83.424,,,,,,,,,,1655371800000000000
,0,3.1,,,,,1011.3,0.9,27.4,29.1,,,,"APRP7",13.444,144.657,,,,,,,,,,1655370000000000000
300,1.5,,,,,,1019,,26.4,,25,,,"APXF1",29.769,-84.881,,,,,,,,,,1655369100000000000
170,2.6,3.1,,,,,,,,27.9,,,,"AROP4",18.48,-66.702,,,,,,,,,,1655370720000000000
,0,0.5,,,,,1017.1,,24.4,,,,2.64,"ARPF1",28.433,-82.667,,,,,,,,,,1655366040000000000
130,0.5,1,,,,,1012.1,-0.9,12.1,14.8,,,,"ASTO3",46.207,-123.768,,,,,,,,,,1655370000000000000
,0,0,,,,,1021.7,0,12.2,13.1,,,,"ATGM1",44.392,-68.204,,,,,,,,,,1655370000000000000
90,2.6,3.6,,,,,997.6,0.5,7.7,6.5,,,,"ATKA2",52.232,-174.173,,,,,,,,,,1655370000000000000
180,5.7,7.2,,,,,,,10.7,,,,,"AUGA2",59.378,-153.348,,,,,,,,,,1655371800000000000
190,5.1,6.2,,,,,1016,,27.7,28.6,,,,"AWRT2",28.227,-96.796,,,,,,,,,,1655370720000000000
130,6.2,7.2,,,,,1016.6,,26,28.5,,,,"BABT2",27.297,-97.405,,,,,,,,,,1655371080000000000
,,,,,,,1015.4,,26.2,,,,,"BARA9",17.591,-61.821,,,,,,,,,,1655370720000000000
,,,,,,,1021.6,-0.8,19.4,19.1,,,,"BATN6",40.701,-74.014,,,,,,,,,,1655370000000000000
90,2.1,3.1,,,,,,,,,,,,"BAXC1",33.766,-118.24,,,,,,,,,,1655369280000000000
,,,,,,,,,,31.1,,,,"BBNF1",25.601,-80.306,,,,,,,,,,1655366400000000000
,,,,,,,,,,29.7,,,,"BBSF1",25.472,-80.349,,,,,,,,,,1655366400000000000
170,2.1,3.1,,,,,1020.5,,19.3,22.4,,,,"BDRN4",40.082,-74.87,,,,,,,,,,1655368560000000000
,,,,,,,1020.7,-0.5,20.1,23.7,,,,"BDSP1",39.98,-75.079,,,,,,,,,,1655370000000000000
,,,,,,,,,,30.2,,,0.17,"BDVF1",25.478,-80.989,,,,,,,,,,1655366400000000000
,,,,,,,,,,9.4,,,,"BDXC1",38.317,-123.071,,,,,,,,,,1655370000000000000
80,1.5,2.6,,,,,1019.6,0.6,24.2,27.7,,,,"BFTN7",34.717,-76.671,,,,,,,,,,1655370000000000000
140,2.1,2.6,,,,,,,27.1,,,,,"BGCF1",26.404,-81.881,,,,,,,,,,1655369640000000000
,,,,,,,1021,-1,19.7,20.7,,,,"BGNN6",40.639,-74.146,,,,,,,,,,1655370000000000000
100,0.5,,,,,,1022,,9.4,,9.4,,,"BGXN3",43.059,-70.83,,,,,,,,,,1655369100000000000
,,,,,,,1022,0,16.9,,,,,"BHBM3",42.355,-71.05,,,,,,,,,,1655370000000000000
80,3.6,4.6,,,,,1013.2,,21.3,,,,,"BHRI3",41.646,-87.147,,,,,,,,,,1655368800000000000
200,2.1,5.7,,,,,1003,,17.7,,,,,"BIGM4",46.827,-87.727,,,,,,,,,,1655368800000000000
180,6.7,7.7,,,,,1020.8,0,23.5,25.3,,,,"BISM2",38.22,-76.039,,,,,,,,,,1655370000000000000
110,2.1,3.1,,,,,1017.6,,27.4,,,,,"BKBF1",30.192,-81.692,,,,,,,,,,1655371080000000000
,,,,,,,,,,33.9,,,,"BKTL1",30.19,-93.301,,,,,,,,,,1655371080000000000
,,,,,,,,,,30.1,,,-0.29,"BKYF1",25.119,-80.834,,,,,,,,,,1655366400000000000
320,2.6,2.6,,,,,1020.9,,12.2,,,,,"BLIA2",60.839,-146.884,,,,,,,,,,1655371800000000000
110,1,1.5,,,,,1018.4,,27.3,,27.3,,,"BLIF1",30.393,-81.523,,,,,,,,,,1655371080000000000
140,0.5,1,,,,,,,9.4,,,,,"BLTA2",58.455,-135.889,,,,,,,,,,1655371560000000000
170,2.1,4.1,,,,,1019,-0.6,23.1,25.3,,,,"BLTM2",39.267,-76.579,,,,,,,,,,1655370000000000000
190,3.6,4.6,,,,,1022.7,0.3,16.7,,,,,"BLTM3",41.704,-71.174,,,,,,,,,,1655370000000000000
140,1,1.5,,,,,1013.3,-1.1,12.8,,,,,"BMTW1",47.562,-122.626,,,,,,,,,,1655370000000000000
,,,,,,,,,,30.9,,,-0.24,"BNKF1",25.087,-80.519,,,,,,,,,,1655366400000000000
180,1.5,2.6,,,,,1021.4,-0.4,18,18.1,,,,"BRHC3",41.174,-73.181,,,,,,,,,,1655370000000000000
190,6.7,7.7,,,,,1021.3,0,,,,,,"BRND1",38.987,-75.113,,,,,,,,,,1655370000000000000
200,5.1,6.7,,,,,1011.2,,14.1,,,,,"BSBM4",44.055,-86.514,,,,,,,,,,1655368800000000000
,,,,,,,1017.4,,29.6,,,,,"BSCA1",30.329,-87.829,,,,,,,,,,1655368200000000000
200,2.6,,,,,,1019,,22.7,,19.3,,,"BSLM2",38.781,-76.708,,,,,,,,,,1655368200000000000
240,3.1,3.6,,,,,1012.3,0,23.2,20.3,20.9,,,"BUFN6",42.878,-78.89,,,,,,,,,,1655370000000000000
,1.5,1.5,,,,,,,,,,,,"BURL1",28.905,-89.428,,,,,,,,,,1655370000000000000
160,5.7,5.7,,,,,1022.8,-0.4,15.8,,,,,"BUZM3",41.397,-71.033,,,,,,,,,,1655370000000000000
,,,,,,,,,,30.9,,,-0.14,"BWSF1",25.178,-80.438,,,,,,,,,,1655362800000000000
,,,,,,,1017.5,,27.4,32.9,,,,"BYGL1",29.789,-90.42,,,,,,,,,,1655371080000000000
,,,,,,,1022.6,0,15.6,18.8,,,,"BZBM3",41.524,-70.671,,,,,,,,,,1655370000000000000
160,3.1,3.1,,,,,1015.1,,25.4,23.8,,,,"BZST2",26.067,-97.155,,,,,,,,,,1655371080000000000
130,3.6,4.6,,,,,1020.4,0,21.6,25.5,,,,"CAMM2",38.574,-76.069,,,,,,,,,,1655370000000000000
,,,,,,,,,,30.2,,,0.78,"CANF1",25.422,-80.942,,,,,,,,,,1655366400000000000
220,3.6,5.1,,,,,1016.1,,28.7,30.5,,,,"CAPL1",29.768,-93.343,,,,,,,,,,1655371080000000000
,,,,,,,,,,26.5,,,,"CARL1",29.933,-90.135,,,,,,,,,,1655371080000000000
,,,,,,,,,15.1,14.6,,,,"CASM1",43.656,-70.246,,,,,,,,,,1655370000000000000
,0,1.5,,,,,1013.4,,10.1,,7.3,,,"CDEA2",56.001,-134.136,,,,,,,,,,1655371320000000000
20,1.5,1.5,,,,,1017.7,-0.4,27.2,,,,,"CDRF1",29.136,-83.029,,,,,,,,,,1655370000000000000
240,1,2.1,,,,,1008.9,,8.9,,,,,"CDXA2",56.001,-134.136,,,,,,,,,,1655371920000000000
,0,0.5,,,,,1015.3,-0.6,11.9,12.6,,,,"CECC1",41.746,-124.184,,,,,,,,,,1655370000000000000
,0,0,,,,,1021,0,7.8,9.2,,,,"CFWM1",44.657,-67.205,,,,,,,,,,1655370000000000000
230,1.5,3.1,,,,,1014.7,,,12.1,,,,"CHAO3",43.351,-124.337,,,,,,,,,,1655368560000000000
130,2.6,5.7,,,,,1015.2,,27.9,29,,,,"CHAV3",18.335,-64.92,,,,,,,,,,1655371080000000000
140,2.6,3.1,,,,,1019.9,0,22.3,,,,,"CHBV2",37.032,-76.083,,,,,,,,,,1655370000000000000
130,2.1,3.6,,,,,1020.3,-0.3,19.7,25.3,,,,"CHCM2",39.527,-75.81,,,,,,,,,,1655370000000000000
160,6.7,7.2,,,,,,,19.4,,19.4,,,"CHII2",41.916,-87.572,,,,,,,,,,1655371200000000000
100,2.6,4.1,,,,,1014.5,,29.4,28.4,,,,"CHSV3",17.748,-64.699,,,,,,,,,,1655370720000000000
210,0.5,1,,,,,1022.3,0,12.6,16.7,,,,"CHTM3",41.688,-69.95,,,,,,,,,,1655370000000000000
90,3.6,4.6,,,,,1018.1,0,26.9,28.8,,,,"CHTS1",32.781,-79.924,,,,,,,,,,1655370000000000000
140,4.1,5.7,,,,,1020.9,0,22.8,,,,,"CHYV2",36.926,-76.007,,,,,,,,,,1655370000000000000
,,,,,,,1013.2,0,,,,,,"CHYW1",48.863,-122.759,,,,,,,,,,1655370000000000000
,,,,,,,1014.8,,27.4,28.7,,,,"CLBP4",18.301,-65.302,,,,,,,,,,1655371080000000000
70,4.6,5.1,,,,,1020.8,0.7,24.8,,,,,"CLKN7",34.622,-76.525,,,,,,,,,,1655370000000000000
220,5.1,7.2,,,,,1012.9,-0.3,27.9,,,,,"CLSM4",42.471,-82.877,,,,,,,,,,1655370000000000000
140,3.1,4.1,,,,,1021,0,19.7,20.5,,,,"CMAN4",38.968,-74.96,,,,,,,,,,1655370000000000000
170,1,,,,,,,,13.6,,,,,"CMLN3",43.07,-70.7,,,,,,,,,,1655363040000000000
220,4.1,6.7,,,,,,,26.6,,,,,"CMPO1",41.547,-83.015,,,,,,,,,,1655368200000000000
120,3.1,4.6,,,,,1011.2,1.6,21.4,,20.6,,,"CMTI2",41.73,-87.538,,,,,,,,,,1655370000000000000
,,,,,,,,,,32.1,,,-0.07,"CNBF1",25.702,-81.186,,,,,,,,,,1655366400000000000
200,2.6,6.7,,,,,1015,0,27.9,19.7,20.4,,,"CNDO1",41.542,-81.637,,,,,,,,,,1655370000000000000
280,2.1,4.6,,,,,,,22,,20.6,,,"CNII2",41.856,-87.609,,,,,,,,,,1655371800000000000
120,7.7,9.8,,,,,1020.5,0,23.3,,,,,"COVM2",38.402,-76.385,,,,,,,,,,1655370000000000000
130,1.5,1.5,,,,,,,11.4,,,,,"CPMW1",48.86,-122.756,,,,,,,,,,1655370000000000000
150,1.5,1.5,,,,,,,11.7,,,,,"CPNW1",48.863,-122.758,,,,,,,,,,1655370000000000000
,,,,,,,1022.9,0.3,16.2,21.2,,,,"CPTR1",41.717,-71.345,,,,,,,,,,1655370000000000000
,,,,,,,,,23.3,,20.1,5.9,,"CPVM2",38.995,-76.388,,,,,,,,,,1655370000000000000
,2.1,,,,,,,,,,,,,"CPXC1",35.17,-120.741,,,,,,,,,,1655370660000000000
350,2.1,3.6,,,,,1012.1,,11.3,,6.6,,,"CRGA2",55.474,-133.136,,,,,,,,,,1655371440000000000
,,,,,,,1016.9,-0.7,28.2,,,,,"CRTA1",30.308,-88.14,,,,,,,,,,1655366400000000000
,0,0.5,,,,,1020.4,0,11.4,9.8,,,,"CRVA2",60.558,-145.752,,,,,,,,,,1655370000000000000
200,2.1,3.1,,,,,1020.2,0,23.4,,,,,"CRYV2",36.888,-76.338,,,,,,,,,,1655370000000000000
60,1,2.1,,,,,1016,,10.1,,6.1,,,"CSPA2",58.199,-136.64,,,,,,,,,,1655370600000000000
,,,,,,,,,,30.5,,,-0.36,"CWAF1",25.297,-81.013,,,,,,,,,,1655362800000000000
50,2.1,2.6,,,,,1017.3,,26.6,31.9,,,,"CWBF1",27.978,-82.832,,,,,,,,,,1655370720000000000
240,5.1,,,,,,1004.9,,5.2,,5.1,,,"CWCI",47.334,-85.833,,,,,,,,,,1655370000000000000
220,6.7,8.8,,,,,1013.3,0,27.8,,,,,"DBLN6",42.494,-79.354,,,,,,,,,,1655370000000000000
190,3.1,5.1,,,,,1020.4,-0.4,21.4,25,,,,"DELD1",39.582,-75.589,,,,,,,,,,1655370000000000000
120,5.1,5.7,,,,,1012.1,-0.8,,,,,,"DESW1",47.675,-124.485,,,,,,,,,,1655370000000000000
180,8.2,10.3,,,,,1001,-3.6,15.9,,13.1,,,"DISW3",47.079,-90.728,,,,,,,,,,1655370000000000000
,,,,,,,,,,31.2,,,-0.24,"DKKF1",25.18,-80.49,,,,,,,,,,1655362800000000000
,,,,,,,,,,29.8,,,,"DMSF1",30.387,-81.559,,,,,,,,,,1655371080000000000
170,2.6,4.6,,,,,1020.8,0,23.4,,,,,"DOMV2",36.962,-76.424,,,,,,,,,,1655370000000000000
,1,,,,,,1016.9,,29.3,30.7,,,,"DPHA1",30.251,-88.078,,,,,,,,,,1655364600000000000
240,5.7,7.2,,,,,1012,0,15.8,,,,,"DPXC1",38.056,-122.264,,,,,,,,,,1655370000000000000
160,2.1,,,,,,1021,,20.6,,18.2,,,"DRSD1",39.089,-75.437,,,,,,,,,,1655368200000000000
210,1.5,3.1,,,,,1005.4,-0.9,14.4,12.3,14.4,,,"DTLM4",45.993,-83.898,,,,,,,,,,1655370000000000000
110,4.1,4.6,,,,,1020.4,0,22.6,23.3,,,,"DUKN7",36.184,-75.746,,,,,,,,,,1655370000000000000
210,3.1,4.1,,,,,1001.1,-3.2,16.1,13.5,14,,,"DULM5",46.776,-92.092,,,,,,,,,,1655370000000000000
,,,,,,,1017.1,,25,30.7,,,,"EBEF1",27.923,-82.421,,,,,,,,,,1655371080000000000
,,,,,,,,,27.4,,27.4,5.9,,"EFLA1",30.429,-88.01,,,,,,,,,,1655371080000000000
230,2.1,2.6,,,,,1017.5,,28.3,27,26.2,,,"EINL1",29.373,-91.384,,,,,,,,,,1655371080000000000
,,,,,,,1017.1,-0.9,8,8.5,,,,"ELFA2",58.193,-136.347,,,,,,,,,,1655370000000000000
150,1.5,,,,,,1013,,9.7,,8.6,,,"ELXC1",36.815,-121.738,,,,,,,,,,1655369100000000000
180,4.6,6.2,,,,,1016.3,,27.7,29.3,,,,"EMAT2",28.71,-95.914,,,,,,,,,,1655371080000000000
210,3.6,4.6,,,,,1016.5,,27.8,29.3,,,,"EPTT2",29.481,-94.917,,,,,,,,,,1655371080000000000
210,2.1,4.1,,,,,,,,,,,,"EREP1",42.172,-80.098,,,,,,,,,,1655370000000000000
10,11.3,12.4,,,,,1017.1,,12.9,,5.8,,,"EROA2",58.971,-135.221,,,,,,,,,,1655371440000000000
20,10.3,11.8,,,,,1012.8,,13.6,,7.6,,,"ERXA2",58.971,-135.221,,,,,,,,,,1655371920000000000
100,4.1,6.2,,,,,1015.8,,27.9,28.5,,,,"ESPP4",18.094,-65.471,,,,,,,,,,1655370720000000000
230,10.8,12.9,,,,,1014.2,0,29,21.7,22,,,"FAIO1",41.764,-81.281,,,,,,,,,,1655370000000000000
110,5.1,5.7,,,,,1019.7,0,26.7,,22.5,,,"FBIS1",32.685,-79.888,,,,,,,,,,1655370000000000000
10,6.7,7.7,,,,,1013.1,-0.8,13.2,,,,,"FFIA2",57.272,-133.63,,,,,,,,,,1655370000000000000
80,2.1,2.6,,,,,1017.6,,26.4,,,,2.99,"FHPF1",28.153,-82.801,,,,,,,,,,1655369640000000000
310,1,1.5,,,,,1020.9,,10.6,,5.3,,,"FILA2",59.332,-151.995,,,,,,,,,,1655371800000000000
340,2.6,3.1,,,,,1016.7,,28.6,,,,,"FMOA1",30.228,-88.024,,,,,,,,,,1655371080000000000
120,1.5,2.6,,,,,1015.8,,26.5,30.6,,,,"FMRF1",26.647,-81.871,,,,,,,,,,1655371080000000000
260,1.5,2.6,,,,,1022.9,0,16.3,18.5,,,,"FOXR1",41.807,-71.401,,,,,,,,,,1655370000000000000
80,4.1,5.1,,,,,1019.4,0,27.5,29.1,,,,"FPKG1",32.035,-80.903,,,,,,,,,,1655370000000000000
180,6.2,6.7,,,,,1015.9,,28.1,29,,,,"FPST2",28.936,-95.294,,,,,,,,,,1655371080000000000
240,5.1,5.7,,,,,,,16.2,,,,,"FPTM4",45.619,-86.66,,,,,,,,,,1655368800000000000
150,0.5,1,,,,,1018.3,,29.3,29.7,,,,"FRDF1",30.675,-81.465,,,,,,,,,,1655371080000000000
30,2.1,2.6,,,,,1013.2,,10.2,9.9,,,,"FRDW1",48.545,-123.012,,,,,,,,,,1655368560000000000
,,,,,,,1023,0,16.5,21.1,,,,"FRVM3",41.704,-71.164,,,,,,,,,,1655370000000000000
,,,,,,,,,16,,16,5.9,,"FRXM3",41.696,-71.18,,,,,,,,,,1655370000000000000
160,5.7,7.2,,,,,1019.5,-0.5,23,,,,,"FSKM2",39.219,-76.528,,,,,,,,,,1655370000000000000
220,4.1,5.7,,,,,1011.4,-0.3,26,,19.4,,,"FTGM4",43.007,-82.422,,,,,,,,,,1655370000000000000
290,6.2,8.8,,,,,1013.4,0,11.5,13.6,,,,"FTPC1",37.806,-122.466,,,,,,,,,,1655370000000000000
80,6.2,6.7,,,,,1016.9,-0.7,28.2,28.2,,,,"FWYF1",25.591,-80.097,,,,,,,,,,1655370000000000000
,,,,,,,,,,30.2,,,0.29,"GBIF1",25.378,-81.029,,,,,,,,,,1655366400000000000
,,,,,,,,,,32.8,,,-0.23,"GBTF1",25.167,-80.801,,,,,,,,,,1655366400000000000
,0,1.5,,,,,1008.1,0.7,18.7,,,,,"GBWW3",44.538,-88.003,,,,,,,,,,1655370000000000000
,,,,,,,1016.3,,26.9,,23.4,5.9,,"GCTF1",27.774,-82.517,,,,,,,,,,1655371080000000000
,,,,,,,1000.3,-2.6,3.5,7.7,3.5,,,"GDMM5",47.749,-90.341,,,,,,,,,,1655370000000000000
190,2.1,4.1,,,,,,,,,,,,"GELO1",41.859,-80.975,,,,,,,,,,1655368200000000000
180,0.5,1,,,,,1014.2,,9.5,,6.5,,,"GEXA2",58.212,-136.381,,,,,,,,,,1655371980000000000
,3.1,4.1,,,,,1017.1,,29.4,32,,,,"GISL1",29.265,-89.958,,,,,,,,,,1655371080000000000
250,1,2.1,,,,,1008,,13.9,,9.6,,,"GIXA2",55.446,-131.881,,,,,,,,,,1655371920000000000
,,,,,,,,,28.2,,,,0.6,"GKYF1",24.627,-82.872,,,,,,,,,,1655366400000000000
230,11.8,,,,,,1004.1,,16.5,,13.9,,,"GRIM4",46.721,-87.412,,,,,,,,,,1655371800000000000
210,3.1,4.1,,,,,1006.8,,17.3,,,,,"GRMM4",46.684,-85.972,,,,,,,,,,1655368800000000000
180,2.6,3.6,,,,,1016.8,,27.7,30.1,,,,"GRRT2",29.302,-94.896,,,,,,,,,,1655371080000000000
220,12.4,16,,,,,1012.2,,22.4,,,,,"GSLM4",44.018,-83.537,,,,,,,,,,1655368800000000000
240,4.6,6.7,,,,,1008.5,,18,,,,,"GTLM4",45.211,-85.55,,,,,,,,,,1655368800000000000
210,2.1,4.1,,,,,1016.9,,28.1,30.8,,,,"GTOT2",29.311,-94.792,,,,,,,,,,1655371080000000000
,0,1,,,,,1003.7,-1,9.1,,,,,"GTRM4",47.179,-88.241,,,,,,,,,,1655370000000000000
230,1,,,,,,1019,,24.5,,24,,,"GTXF1",29.658,-81.233,,,,,,,,,,1655369100000000000
210,0.5,1,,,,,1013.7,,8.5,,5.3,,,"GUXA2",58.408,-135.726,,,,,,,,,,1655371920000000000
190,1.5,3.1,,,,,1014.9,,11.9,,8.6,,,"HAXA2",59.234,-135.442,,,,,,,,,,1655371920000000000
,,,,,,,1015.6,,,11.2,,,,"HBYC1",40.767,-124.217,,,,,,,,,,1655368560000000000
,,,,,,,,,,31.2,,,-0.24,"HCEF1",25.254,-80.444,,,,,,,,,,1655366400000000000
80,2.1,2.6,,,,,1021.2,0.6,23.1,24.8,,,,"HCGN7",35.209,-75.704,,,,,,,,,,1655370000000000000
220,4.6,6.7,,,,,1013.9,0.7,26.1,,,,,"HHLO1",41.401,-82.545,,,,,,,,,,1655370000000000000
210,1.5,2.1,,,,,1017.2,,26.8,30,,,,"HIST2",29.595,-94.39,,,,,,,,,,1655371080000000000
,,,,,,,1016.3,,27.3,,27.3,5.9,,"HIVT2",27.844,-97.07,,,,,,,,,,1655371080000000000
180,6.7,7.7,,,,,1010.1,-0.4,21.2,20.1,19,,,"HLNM4",42.773,-86.213,,,,,,,,,,1655370000000000000
150,2.1,,,,,,1020,,,,,,,"HMRA2",59.601,-151.41,,,,,,,,,,1655368200000000000
150,1.5,2.6,,,,,,,10.7,,6.4,,,"HMSA2",59.602,-151.417,,,,,,,,,,1655371920000000000
260,2.6,3.6,,,,,1011.4,0,26.4,12.8,19.7,,,"HRBM4",43.846,-82.643,,,,,,,,,,1655370000000000000
,,,,,,,1010.7,,13,,,,,"HRVC1",34.469,-120.682,,,,,,,,,,1655369640000000000
,,,,,,,1010.4,-0.8,18.3,21.5,,,,"ICAC1",34.008,-118.5,,,,,,,,,,1655370000000000000
90,0.5,1,,,,,,,,,,,,"ICYA2",59.927,-141.359,,,,,,,,,,1655371920000000000
210,1.5,2.6,,,,,1017.9,1,22,25.8,,,,"ILOH1",19.73,-155.056,,,,,,,,,,1655370000000000000
200,5.1,5.1,,,,,1021,-0.3,17.2,,9.8,,,"IOSN3",42.967,-70.623,,,,,,,,,,1655370000000000000
170,5.7,6.7,,,,,1016.2,,26.3,28.4,,,,"IRDT2",27.48,-97.322,,,,,,,,,,1655371080000000000
,,,,,,,1014.6,-1,9.8,10.8,,,,"ITKA2",57.052,-135.342,,,,,,,,,,1655370000000000000
210,1,1.5,,,,,,,22.1,,,,,"JAKI2",41.781,-87.573,,,,,,,,,,1655366400000000000
,,,,,,,,,,31.5,,,-0.05,"JBYF1",25.224,-80.541,,,,,,,,,,1655366400000000000
,0,,,,,,1022,,19.3,,17.5,,,"JCRN4",39.535,-74.464,,,,,,,,,,1655368200000000000
,,,,,,,,,,29.8,,,-1.08,"JKYF1",25.053,-80.904,,,,,,,,,,1655366400000000000
110,1,2.1,,,,,1011.8,,11,,7.3,,,"JLXA2",58.298,-134.405,,,,,,,,,,1655371980000000000
330,5.1,7.7,,,,,1011.9,,12.1,,6.9,,,"JMLA2",58.286,-134.39,,,,,,,,,,1655371920000000000
110,4.1,4.6,,,,,1020,0.6,25.5,26.6,,,,"JMPN7",34.213,-77.786,,,,,,,,,,1655370000000000000
30,1,1,,,,,1015.8,0,11.1,6.5,,,,"JNEA2",58.298,-134.411,,,,,,,,,,1655370000000000000
310,2.6,3.6,,,,,1014.4,,10.6,,7.9,,,"JNGA2",58.291,-134.394,,,,,,,,,,1655371980000000000
60,0.5,,,,,,1017,,27.1,,23.2,,,"JOXP4",17.956,-66.223,,,,,,,,,,1655369100000000000
,,,,,,,,,,29.8,,,,"JXUF1",30.354,-81.612,,,,,,,,,,1655371080000000000
180,6.7,,,,,,,,28,,25,2.6,,"KBQX",28.314,-95.62,,,,,,,,,,1655372100000000000
200,1,1.5,,,,,1021.9,-0.7,7.1,10,,,,"KDAA2",57.731,-152.511,,,,,,,,,,1655370000000000000
140,0.5,1.5,,,,,1010.8,-0.7,12.4,12.1,,,,"KECA2",55.331,-131.625,,,,,,,,,,1655370000000000000
330,3.6,7.2,,,,,1008.5,,16.6,,8,,,"KEXA2",55.352,-131.684,,,,,,,,,,1655371920000000000
,,,,,,,,,28,,23,2.6,,"KGBK",27.204,-92.203,,,,,,,,,,1655372100000000000
150,6.2,15.4,,,,,1015.5,-1.9,6.6,7.9,,,,"KGCA2",55.062,-162.327,,,,,,,,,,1655370000000000000
,0,,,,,,,,28,,23,8.7,,"KGHB",27.84,-91.988,,,,,,,,,,1655372100000000000
,0,,,,,,1001.6,,3.9,,2.2,,,"KGNA",47.745,-90.346,,,,,,,,,,1655369760000000000
,0,,,,,,,,28,,24,8.7,,"KGRY",27.625,-90.441,,,,,,,,,,1655372100000000000
200,2.1,,,,,,,,28,,23,7.8,,"KGUL",27.304,-93.538,,,,,,,,,,1655372700000000000
,2.6,,,,,,,,28,,25,4.3,,"KHHV",26.939,-94.689,,,,,,,,,,1655372100000000000
70,6.7,9.3,,,,,1018.1,1,24.4,26.2,,,,"KLIH1",20.895,-156.469,,,,,,,,,,1655370000000000000
260,3.6,4.1,,,,,1011.5,1.3,22.2,,,,,"KNSW3",42.589,-87.809,,,,,,,,,,1655370000000000000
200,4.1,,,,,,1005.6,,16.7,,16.1,,,"KP53",46.417,-86.65,,,,,,,,,,1655369760000000000
230,2.1,,,,,,1008.8,,25,,-3.9,,,"KP58",44.017,-82.8,,,,,,,,,,1655369700000000000
240,3.6,8.2,,,,,1002.1,,15.6,,13.9,,,"KP59",47.467,-87.883,,,,,,,,,,1655369460000000000
210,3.6,4.1,,,,,1022.3,-0.8,18.7,16.9,,,,"KPTN6",40.811,-73.765,,,,,,,,,,1655370000000000000
160,3.1,3.6,,,,,,,,23.6,,,,"KPTV2",37.165,-75.988,,,,,,,,,,1655370000000000000
80,0.5,1,,,,,1018,0,25.9,,25.9,,,"KTNF1",29.819,-83.594,,,,,,,,,,1655370000000000000
190,5.1,,,,,,,,28,,24,7.8,,"KVAF",27.354,-94.625,,,,,,,,,,1655372100000000000
,0,,,,,,,,28,,25,8.7,,"KVKY",29.248,-88.441,,,,,,,,,,1655372100000000000
,1.5,,,,,,,,28,,24,8.7,,"KVOA",29.229,-87.781,,,,,,,,,,1655372100000000000
90,3.1,5.7,,,,,1016.6,0.9,25.3,27.3,,,,"KWHH1",20.037,-155.829,,,,,,,,,,1655370000000000000
,,,,,,,1010.6,1.4,,,,,,"KWJP8",8.732,167.734,,,,,,,,,,1655370000000000000
250,2.1,3.1,,,,,1007.4,0.7,19.1,,,,,"KWNW3",44.465,-87.496,,,,,,,,,,1655370000000000000
70,1.5,3.1,,,,,,,27.6,30.6,,,,"KYWF1",24.556,-81.808,,,,,,,,,,1655371080000000000
,,,,,,,,,27.9,28.3,,,,"LAMV3",18.318,-64.724,,,,,,,,,,1655371080000000000
70,2.1,2.6,,,,,1012.8,,10.5,12.7,,,,"LAPW1",47.913,-124.637,,,,,,,,,,1655368560000000000
,,,,,,,,,,31.5,,,-0.23,"LBSF1",25.214,-80.432,,,,,,,,,,1655362800000000000
,,,,,,,1018.3,,26.8,31.9,,,,"LCLL1",30.224,-93.222,,,,,,,,,,1655371080000000000
330,4.6,6.2,,,,,,,13.4,,13.4,,,"LCNA2",56.058,-132.69,,,,,,,,,,1655370600000000000
210,1.5,1.5,,,,,1018.3,,16.5,,,,,"LDLC3",41.306,-72.077,,,,,,,,,,1655370600000000000
200,5.7,8.2,,,,,,,16.8,,16,,,"LDTM4",43.947,-86.441,,,,,,,,,,1655370000000000000
340,5.7,7.7,,,,,1013.8,,13.4,,8.6,,,"LIXA2",58.54,-135.047,,,,,,,,,,1655371920000000000
180,1.5,1.5,,,,,1009.9,-0.8,17,20.2,,,,"LJAC1",32.867,-117.257,,,,,,,,,,1655370000000000000
190,1,2.6,0.5,9,,,,,,,,,,"LJPC1",32.867,-117.257,,,,,,,,,,1655371200000000000
140,2.6,3.1,,,,,1016.7,,27.7,28.1,,,,"LKWF1",26.613,-80.034,,,,,,,,,,1655371080000000000
,,,,,,,,,,31.5,,,-0.18,"LMDF1",25.176,-80.633,,,,,,,,,,1655366400000000000
200,3.1,4.1,,,,,,,26.6,,,,,"LMFS1",34.107,-81.271,,,,,,,,,,1655371200000000000
,,,,,,,,,,30.9,,,0.69,"LMRF1",25.556,-81.169,,,,,,,,,,1655366400000000000
180,2.6,3.6,,,,,1013.1,0,13.4,,,,,"LNDC1",37.795,-122.281,,,,,,,,,,1655370000000000000
,4.1,5.1,,,,,1016.1,,28.7,,24.1,,,"LONF1",24.844,-80.864,,,,,,,,,,1655371800000000000
,1.5,2.1,0.4,,,,,,,,,,,"LOPL1",28.885,-90.025,,,,,,,,,,1655370120000000000
,,,,,,,1012.3,-0.8,,13.2,,,,"LOPW1",46.106,-122.954,,,,,,,,,,1655370000000000000
240,10.8,12.4,,,,,,,27.5,,,,,"LORO1",41.481,-82.195,,,,,,,,,,1655371800000000000
190,2.6,3.1,,,,,1007.4,-1.6,17.7,13.8,17.1,,,"LPNM4",45.063,-83.429,,,,,,,,,,1655370000000000000
180,8.2,10.3,,,,,,,27.6,,,,,"LQAT2",27.881,-97.285,,,,,,,,,,1655371080000000000
,,,,,,,,,,30.9,,,0.02,"LRIF1",25.284,-80.894,,,,,,,,,,1655366400000000000
,,,,,,,,,,31.5,,,-0.38,"LRKF1",24.982,-80.826,,,,,,,,,,1655362800000000000
,,,,,,,,,,31.3,,,-0.24,"LSNF1",25.235,-80.457,,,,,,,,,,1655366400000000000
140,3.1,5.7,,,,,1015,,28,28.6,,,,"LTBV3",17.695,-64.754,,,,,,,,,,1655371080000000000
,,,,,,,,,27.1,,25.2,,,"LTJF1",30.379,-81.446,,,,,,,,,,1655371080000000000
230,3.1,5.1,,,,,1004.5,-0.5,19.6,8.8,19.4,,,"LTRM4",46.486,-84.302,,,,,,,,,,1655370000000000000
190,4.1,5.7,,,,,1016.6,,27.9,28.4,,,,"LUIT2",29.076,-95.122,,,,,,,,,,1655371080000000000
190,3.6,4.6,,,,,1020.5,0.3,23.6,26.9,,,,"LWTV2",37.995,-76.465,,,,,,,,,,1655370000000000000
240,6.2,7.7,,,,,1005.7,-0.7,19.5,,19.5,,,"MACM4",45.777,-84.721,,,,,,,,,,1655370000000000000
190,6.7,,,,,,1017,0,27.8,,25.5,,,"MAXT2",28.132,-97.034,,,,,,,,,,1655370000000000000
220,6.7,7.7,,,,,1015.4,,27.9,29.2,,,,"MBET2",28.422,-96.327,,,,,,,,,,1655371080000000000
120,4.6,5.7,,,,,1019.5,0.6,25.9,,,,,"MBIN7",34.091,-77.868,,,,,,,,,,1655370000000000000
130,2.6,4.6,,,,,1019.7,0.5,25.6,,,,,"MBNN7",34.171,-77.824,,,,,,,,,,1655370000000000000
,,,,,,,,,25.6,,22.5,5.9,,"MBPA1",30.527,-88.086,,,,,,,,,,1655371080000000000
,,,,,,,1011,-0.3,26,,,,,"MBRM4",42.975,-82.419,,,,,,,,,,1655370000000000000
30,2.6,3.1,,,,,1016.9,,25.7,30.1,,,,"MCGA1",30.649,-88.058,,,,,,,,,,1655371080000000000
220,3.1,5.1,,,,,1004.3,0,16,,12.3,,,"MCGM4",46.546,-87.379,,,,,,,,,,1655370000000000000
140,3.1,3.6,,,,,1011.7,,23.3,,19.4,,,"MCYI3",41.729,-86.912,,,,,,,,,,1655371200000000000
,,,,,,,,,,31.8,,,0.01,"MDKF1",25.289,-80.396,,,,,,,,,,1655366400000000000
200,6.2,6.2,,,,,1021.7,0,13.6,,12.5,,,"MDRM1",43.969,-68.128,,,,,,,,,,1655370000000000000
,,,,,,,1010.5,,16.1,,,,,"MEEM4",44.251,-86.342,,,,,,,,,,1655368800000000000
230,1,2.6,,,,,1013.9,,11.7,14,,,,"MEYC1",36.605,-121.889,,,,,,,,,,1655368560000000000
70,1.5,3.6,,,,,1015.3,,27.6,29.2,,,,"MGIP4",17.97,-67.046,,,,,,,,,,1655371080000000000
,,,,,,,1016.7,,,29.8,,,,"MGPT2",29.682,-94.985,,,,,,,,,,1655371080000000000
,0,1,,,,,1015.3,,25.6,28.6,,,,"MGZP4",18.218,-67.159,,,,,,,,,,1655371080000000000
170,5.7,9.3,,,,,1016.7,,27.1,,26.5,5.9,,"MHBT2",27.828,-97.201,,,,,,,,,,1655371080000000000
150,2.6,4.1,,,,,,,,,,,,"MHRN6",40.641,-74.162,,,,,,,,,,1655370000000000000
160,4.1,4.6,,,,,1021.9,0,14,,13.4,,,"MISM1",43.784,-68.855,,,,,,,,,,1655370000000000000
210,5.7,6.2,,,,,1011.6,,18.1,,16.9,,,"MKGM4",43.227,-86.339,,,,,,,,,,1655371800000000000
,0,,,,,,,,10.2,,8.5,,,"MLSC1",36.802,-121.791,,,,,,,,,,1655373000000000000
250,3.1,4.1,,,,,,,20.8,,,,,"MLWW3",43.005,-87.884,,,,,,,,,,1655371200000000000
,,,,,,,,,,32.9,,,0.09,"MNBF1",25.239,-80.422,,,,,,,,,,1655366400000000000
240,4.6,6.2,,,,,1007,0.6,18.3,19.5,17.3,,,"MNMM4",45.096,-87.59,,,,,,,,,,1655370000000000000
190,1.5,2.1,,,,,1020,0,22.2,25.9,,,,"MNPV2",36.778,-76.302,,,,,,,,,,1655370000000000000
80,5.1,7.7,,,,,1018.8,,25.3,27.1,,,,"MOKH1",21.433,-157.79,,,,,,,,,,1655368560000000000
,,,,,,,1020,-0.6,20.6,24.9,,,,"MRCP1",39.809,-75.415,,,,,,,,,,1655370000000000000
210,2.6,5.7,,,,,1013.2,0.3,27,23,19.5,,,"MRHO1",41.544,-82.731,,,,,,,,,,1655370000000000000
,0,1.5,,,,,1020.5,,11.2,,,,,"MRKA2",61.082,-146.662,,,,,,,,,,1655371800000000000
310,1,3.6,,,,,1012.5,,11.9,,7.8,,,"MRNA2",58.198,-134.257,,,,,,,,,,1655371920000000000
130,5.1,5.7,,,,,1020.9,0,26,,,,,"MROS1",33.656,-78.916,,,,,,,,,,1655370000000000000
320,3.1,6.2,,,,,1009.1,,15.5,,10.8,,,"MRYA2",55.099,-131.182,,,,,,,,,,1655371920000000000
110,3.1,3.6,,,,,,,26.4,,23.3,5.9,,"MTBF1",27.661,-82.594,,,,,,,,,,1655371080000000000
,,,,,,,1022.9,0.3,15.3,16.7,,,,"MTKN6",41.048,-71.959,,,,,,,,,,1655370000000000000
,,,,,,,,,,30.1,,,,"MUKF1",25.106,-80.942,,,,,,,,,,1655366400000000000
40,1,1.5,,,,,1013.1,,8.8,,5.2,,,"MVXA2",58.364,-134.606,,,,,,,,,,1655371920000000000
280,2.1,3.6,,,,,1012.6,,10.6,,6,,,"MXXA2",58.301,-134.425,,,,,,,,,,1655371920000000000
,0,0,,,,,1018.6,,27,29.4,,,,"MYPF1",30.398,-81.428,,,,,,,,,,1655371080000000000
300,3.6,6.2,,,,,1012.1,0,17.7,21,,5.9,,"MZXC1",38.035,-122.125,,,,,,,,,,1655370000000000000
230,4.1,7.2,,,,,1006.4,,13.6,,,,,"NABM4",46.087,-85.444,,,,,,,,,,1655368800000000000
210,1,,,,,,1022,,14.9,,14.9,,,"NAXR1",41.637,-71.339,,,,,,,,,,1655369100000000000
160,1.5,2.6,,,,,1021.5,-0.6,19.1,22.7,,,,"NBLP1",40.137,-74.752,,,,,,,,,,1655370000000000000
160,2.1,4.1,,,,,1019.3,0.3,24,27.1,,,,"NCDV2",38.32,-77.037,,,,,,,,,,1655370000000000000
210,1.5,2.6,,,,,1016.9,,26.7,29.2,,,,"NCHT2",29.726,-95.266,,,,,,,,,,1655371080000000000
,,,,,,,1012.6,-0.7,,10.8,,,,"NEAW1",48.367,-124.614,,,,,,,,,,1655370000000000000
90,2.1,2.6,,,,,1018,,28.1,,28.1,5.9,,"NFDF1",30.4,-81.627,,,,,,,,,,1655371080000000000
,,,,,,,1012.9,0,24.6,,,,,"NIAN6",43.077,-79.014,,,,,,,,,,1655370000000000000
120,2.6,,,,,,1020,,25.5,,22.9,,,"NIWS1",33.349,-79.189,,,,,,,,,,1655369100000000000
210,0.5,0.5,,,,,,,12.4,,,,,"NJLC1",40.769,-124.239,,,,,,,,,,1655367840000000000
90,11.8,15.4,,,,,,,6.5,,6.5,,,"NKLA2",52.972,-168.855,,,,,,,,,,1655371920000000000
200,5.7,6.7,,,,,1020.2,0,11.4,11.6,,,,"NKTA2",60.683,-151.399,,,,,,,,,,1655370000000000000
280,1,1.5,,,,,1014,,11.2,,6.5,,,"NKXA2",58.255,-134.945,,,,,,,,,,1655371920000000000
,,,,,,,1023.3,0.5,16.4,19.5,,,,"NLNC3",41.361,-72.09,,,,,,,,,,1655370000000000000
220,2.6,3.1,,,,,1021.8,-0.3,6.1,,,,,"NMTA2",64.5,-165.43,,,,,,,,,,1655370000000000000
220,2.6,4.6,,,,,1008.1,,18.3,,,,,"NPDW3",45.291,-86.977,,,,,,,,,,1655368800000000000
60,1.5,2.1,,,,,1015.5,,27.3,30.6,,,,"NPSF1",26.132,-81.807,,,,,,,,,,1655371080000000000
120,1.5,,,,,,1022,,19.5,,15.2,,,"NPXN6",41.831,-73.942,,,,,,,,,,1655368200000000000
210,3.6,6.2,,,,,,,27.7,,,,,"NREP1",42.258,-79.792,,,,,,,,,,1655368200000000000
,,,,,,,,,,30.3,,,-0.35,"NRRF1",25.338,-80.911,,,,,,,,,,1655366400000000000
120,4.6,5.7,,,,,1010,,17.2,,,,,"NTBC1",34.405,-119.692,,,,,,,,,,1655368560000000000
210,1,1,,,,,1022.7,0,13.6,20.5,,,,"NTKM3",41.285,-70.096,,,,,,,,,,1655370000000000000
180,5.7,7.7,,,,,1017.4,,,,,,,"NUET2",27.832,-97.486,,,,,,,,,,1655370720000000000
260,3.1,5.1,,,,,1016.2,,28.8,31.9,,,,"NWCL1",30.027,-90.113,,,,,,,,,,1655371080000000000
160,2.1,2.6,,,,,1022,-0.5,18.3,19.2,,,,"NWHC3",41.283,-72.908,,,,,,,,,,1655370000000000000
150,3.1,4.6,,,,,,,12.4,,,,,"NWPO3",44.613,-124.067,,,,,,,,,,1655370000000000000
180,1.5,2.6,,,,,1022.9,0.4,16.8,18,,,,"NWPR1",41.504,-71.326,,,,,,,,,,1655370000000000000
60,3.1,4.6,,,,,1019.9,1.2,24.5,29.5,,,,"NWWH1",21.954,-159.353,,,,,,,,,,1655370000000000000
,,,,,,,1011.8,-1.9,20,16.6,,,,"OBGN6",44.702,-75.494,,,,,,,,,,1655370000000000000
,,,,,,,1015.6,,25.5,30.2,,,,"OBLA1",30.705,-88.04,,,,,,,,,,1655371080000000000
,,,,,,,,,13.3,,11.4,,,"OBXC1",37.804,-122.341,,,,,,,,,,1655370000000000000
200,2.6,4.1,,,,,1021.6,0.6,20.7,21.4,,,,"OCIM2",38.328,-75.091,,,,,,,,,,1655370000000000000
,,,,,,,1010.2,-0.8,,19.4,,,,"OHBC1",33.72,-118.273,,,,,,,,,,1655370000000000000
,0,1,,,,,,,24.6,,,,,"OKSI2",41.912,-87.624,,,,,,,,,,1655366400000000000
210,1,2.6,,,,,1013.1,0,13.4,,,,,"OKXC1",37.811,-122.333,,,,,,,,,,1655370000000000000
230,4.1,6.7,,,,,1012.2,-1,26.8,,,,,"OLCN6",43.341,-78.719,,,,,,,,,,1655370000000000000
100,11.3,13.9,,,,,1001.1,0.3,7.6,,,,,"OLSA2",52.94,-168.87,,,,,,,,,,1655370000000000000
230,3.1,4.1,,,,,,,,,,,,"OMHC1",37.801,-122.33,,,,,,,,,,1655370000000000000
,0,2.1,,,,,1018.8,0.9,24,25.7,,,,"OOUH1",21.303,-157.865,,,,,,,,,,1655370000000000000
80,0.5,1,,,,,1017.4,,25.6,33,,,,"OPTF1",27.858,-82.553,,,,,,,,,,1655371080000000000
80,1.5,1.5,,,,,1021,0.6,22.5,24.8,,,,"ORIN7",35.796,-75.548,,,,,,,,,,1655370000000000000
150,6.2,8.8,,,,,1012.8,-1.8,21.6,,19.4,,,"OSGN6",43.464,-76.511,,,,,,,,,,1655370000000000000
210,3.6,6.2,,,,,1003.4,-1.7,,,,,,"OTNM4",46.87,-89.33,,,,,,,,,,1655366400000000000
,,,,,,,1020.5,-0.7,,8.6,,,,"OVIA2",59.44,-151.72,,,,,,,,,,1655370000000000000
220,1.5,,,,,,1015,,25.9,,21.9,,,"OWXO1",41.378,-82.508,,,,,,,,,,1655369100000000000
,0,0.5,,,,,,,,,,,,"PACF1",30.152,-85.667,,,,,,,,,,1655371080000000000
130,3.6,6.2,,,,,1016.1,,26.8,29.3,,,,"PACT2",27.634,-97.237,,,,,,,,,,1655371080000000000
310,1.5,5.1,,,,,1012.4,,14.4,,7.3,,,"PAXA2",58.159,-134.178,,,,,,,,,,1655371980000000000
150,1,,,,,,1013,,11.4,,11.3,,,"PBFW1",48.464,-122.469,,,,,,,,,,1655368200000000000
,0,2.1,,,,,1014.9,,12.2,,6.9,,,"PBPA2",58.203,-134.148,,,,,,,,,,1655370600000000000
360,1.5,1.5,,,,,1017.7,,26.4,28.4,,,,"PCBF1",30.213,-85.88,,,,,,,,,,1655370720000000000
140,2.6,3.1,,,,,1015.8,,25.5,27.9,,,,"PCGT2",26.072,-97.167,,,,,,,,,,1655371080000000000
10,0.5,1,,,,,1017.1,,27.9,30.8,,,,"PCLF1",30.404,-87.211,,,,,,,,,,1655371080000000000
150,6.7,8.2,,,,,1016.5,,27.6,31.8,,,,"PCNT2",28.446,-96.396,,,,,,,,,,1655370720000000000
190,2.6,3.6,,,,,1012.4,0,15.3,20.8,,,,"PCOC1",38.056,-122.039,,,,,,,,,,1655370000000000000
290,2.1,,,,,,1022.2,0.5,14.2,,12.8,,,"PDVR1",41.611,-71.41,,,,,,,,,,1655370000000000000
70,4.1,4.6,,,,,1017.6,,28.3,,,,,"PEGF1",26.086,-80.116,,,,,,,,,,1655371080000000000
120,1.5,2.6,,,,,,,,,,,,"PFDC1",33.735,-118.241,,,,,,,,,,1655369640000000000
140,2.1,3.1,,,,,,,18.2,,,,,"PFXC1",33.747,-118.215,,,,,,,,,,1655370000000000000
80,2.1,2.6,,,,,1011.2,0.8,,,,,,"PGBP7",13.428,144.796,,,,,,,,,,1655370000000000000
360,5.7,8.2,,,,,,,10.7,,6.9,,,"PGXA2",57.016,-134.618,,,,,,,,,,1655371980000000000
,,,,,,,1020.3,-0.6,20.5,23.6,,,,"PHBP1",39.933,-75.142,,,,,,,,,,1655370000000000000
210,1.5,2.1,,,,,1020.5,,12.4,,8.3,,,"PILA2",59.742,-149.47,,,,,,,,,,1655371800000000000
200,0.5,0.5,,,,,1017.2,,26.2,26.6,,,,"PILL1",29.179,-89.259,,,,,,,,,,1655371080000000000
190,6.7,7.2,,,,,1003.2,-2.2,3.4,,,,,"PILM4",48.223,-88.366,,,,,,,,,,1655370000000000000
230,2.1,,,,,,1002,-3,17.4,,14,,,"PKBW3",46.672,-92.136,,,,,,,,,,1655370000000000000
,,,,,,,,,,31,,,-0.6,"PKYF1",24.918,-80.747,,,,,,,,,,1655366400000000000
350,1,1.5,,,,,1013.8,-1,9.5,9.5,,,,"PLXA2",56.247,-134.647,,,,,,,,,,1655370000000000000
,,,,,,,1017.2,,24.6,31.3,,,,"PMAF1",27.638,-82.562,,,,,,,,,,1655371080000000000
,,,,,,,1016.5,,26.7,,,,,"PMNT2",26.559,-97.424,,,,,,,,,,1655371080000000000
180,6.7,11.3,,,,,1001.4,,17.5,,,,,"PNGW3",46.792,-91.386,,,,,,,,,,1655368800000000000
230,3.1,3.6,,,,,1005.9,0.5,11.9,14.2,,,,"PNLM4",45.968,-85.869,,,,,,,,,,1655370000000000000
,,,,,,,,,,29.2,,,,"PNLM6",30.368,-88.563,,,,,,,,,,1655371080000000000
200,5.1,5.7,,,,,1015.4,0,10.8,,,,,"PORO3",42.739,-124.498,,,,,,,,,,1655370000000000000
170,1.5,2.6,,,,,1017.7,,26.4,30.5,,,,"PORT2",29.867,-93.931,,,,,,,,,,1655371080000000000
,0,0,,,,,1020.6,,10.7,,,,,"POTA2",61.06,-146.7,,,,,,,,,,1655371800000000000
180,5.1,6.7,,,,,,,,,,,,"PPTM2",38.134,-76.533,,,,,,,,,,1655370000000000000
180,6.2,7.7,,,,,1013.2,0,13.6,,,,,"PPXC1",37.906,-122.365,,,,,,,,,,1655370000000000000
110,7.2,8.8,,,,,1019.8,-0.5,0.7,-0.2,,,,"PRDA2",70.4,-148.527,,,,,,,,,,1655370000000000000
140,2.1,2.6,,,,,,,,,,,,"PRJC1",33.733,-118.186,,,,,,,,,,1655370000000000000
330,1,3.6,,,,,1016.1,,13.2,,8.1,,,"PRTA2",58.411,-134.955,,,,,,,,,,1655370600000000000
,,,,,,,,,16,,16,5.9,,"PRUR1",41.605,-71.304,,,,,,,,,,1655370000000000000
,,,,,,,1013.2,-0.5,,10.8,,,,"PRYC1",37.996,-122.977,,,,,,,,,,1655370000000000000
280,4.6,8.2,,,,,1011,-0.3,19.1,,,,,"PSBC1",38.04,-121.887,,,,,,,,,,1655370000000000000
180,1.5,1.5,,,,,1022.3,0,11.1,9,,,,"PSBM1",44.905,-66.983,,,,,,,,,,1655370000000000000
220,2.1,4.1,,,,,1029.5,-0.3,26.2,,,,,"PSCM4",43.42,-82.54,,,,,,,,,,1655370000000000000
,0,0.5,,,,,1010.7,-1,12.8,15.6,,,,"PSLC1",35.169,-120.754,,,,,,,,,,1655370000000000000
,,,,,,,1015.1,,27.5,27.1,,,,"PSTL1",28.932,-89.407,,,,,,,,,,1655370720000000000
,,,,,,,1013.4,0,26.1,,,,,"PSTN6",42.691,-79.048,,,,,,,,,,1655370000000000000
140,2.1,3.1,,,,,,,,,,,,"PSXC1",33.768,-118.226,,,,,,,,,,1655370000000000000
160,6.7,7.7,,,,,,,26.9,,,,,"PTAT2",27.826,-97.051,,,,,,,,,,1655370000000000000
,,,,,,,1013.9,,11,9.7,,,,"PTAW1",48.125,-123.441,,,,,,,,,,1655368560000000000
20,2.1,3.1,,,,,1017.4,,,,,,,"PTBM6",30.213,-88.505,,,,,,,,,,1655371080000000000
,0,0.5,,,,,1023.6,0.5,15.7,,,,,"PTCR1",41.638,-71.34,,,,,,,,,,1655370000000000000
20,5.7,6.7,,,,,1010.1,0,11.9,,,,,"PTGC1",34.577,-120.648,,,,,,,,,,1655370000000000000
230,3.1,5.7,,,,,1004.7,-0.6,19,,18,,,"PTIM4",46.485,-84.631,,,,,,,,,,1655370000000000000
160,3.1,4.1,,,,,1015.8,,26.5,27,,,,"PTIT2",26.061,-97.215,,,,,,,,,,1655371080000000000
310,2.6,4.1,,,,,1014.2,,12.7,,9.6,,,"PTLA2",58.346,-134.752,,,,,,,,,,1655371920000000000
,,,,,,,,,25.2,,23.4,5.9,,"PTOA1",30.671,-88.031,,,,,,,,,,1655371080000000000
220,0.5,1,,,,,1013.4,-1,9.8,10.2,,,,"PTWW1",48.111,-122.76,,,,,,,,,,1655370000000000000
260,0.5,1.5,,,,,1023.1,0,16,,,5.9,,"PVDR1",41.786,-71.383,,,,,,,,,,1655370000000000000
280,3.1,5.1,,,,,1011.9,,20.2,,,,,"PWAW3",43.388,-87.867,,,,,,,,,,1655368800000000000
150,2.1,3.1,,,,,,,,,,,,"PXAC1",33.764,-118.265,,,,,,,,,,1655369640000000000
,0,0.5,,,,,1011.9,0,12.7,,,,,"PXOC1",37.798,-122.393,,,,,,,,,,1655370000000000000
,,,,,,,,,13.1,,9.9,5.9,,"PXSC1",37.803,-122.397,,,,,,,,,,1655370000000000000
260,2.1,3.1,,,,,1023.1,0.6,15.8,20,,,,"QPTR1",41.586,-71.407,,,,,,,,,,1655370000000000000
210,2.1,3.6,,,,,1004.9,-0.3,,13.1,,,,"RCKM4",46.264,-84.191,,,,,,,,,,1655370000000000000
160,5.7,6.7,,,,,1012.6,0,12.8,16.7,,,,"RCMC1",37.923,-122.41,,,,,,,,,,1655370000000000000
170,7.2,8.2,,,,,1016.5,,27.8,30.6,,,,"RCPT2",28.024,-97.048,,,,,,,,,,1655371080000000000
,,,,,,,,,25.5,,,,,"RCRN6",43.269,-77.626,,,,,,,,,,1655370000000000000
160,3.6,4.1,,,,,1020,-0.6,4.3,2.9,,,,"RDDA2",67.575,-164.067,,,,,,,,,,1655370000000000000
,,,,,,,1019.9,-0.4,21.1,24.8,,,,"RDYD1",39.558,-75.572,,,,,,,,,,1655370000000000000
320,2.6,4.1,,,,,1013.7,,11.3,,7.8,,,"RIXA2",58.177,-135.052,,,,,,,,,,1655371920000000000
60,1,,,,,,1018,,23.5,,23.5,,,"RKXF1",26.05,-81.701,,,,,,,,,,1655369100000000000
160,5.7,7.2,,,,,1015.5,,27.4,28.3,,,,"RLIT2",26.262,-97.285,,,,,,,,,,1655370720000000000
220,1.5,3.6,,,,,1016.8,,27.3,29.5,,,,"RLOT2",29.515,-94.513,,,,,,,,,,1655371080000000000
190,2.6,3.1,,,,,1003.2,-2.5,7.9,,,,,"ROAM4",47.867,-89.313,,,,,,,,,,1655370000000000000
160,4.1,5.1,,,,,1021.1,-0.8,19.5,,,,,"ROBN4",40.657,-74.065,,,,,,,,,,1655370000000000000
150,5.7,6.2,,,,,1020.5,0,,,,,,"RPLV2",37.538,-76.014,,,,,,,,,,1655370000000000000
200,6.2,7.2,,,,,1013.2,-0.7,25.6,,,,,"RPRN6",43.263,-77.598,,,,,,,,,,1655370000000000000
170,8.8,9.8,,,,,1016,,27.5,28.8,,,,"RSJT2",26.801,-97.471,,,,,,,,,,1655371080000000000
160,2.6,5.1,,,,,1016,,26.8,29.3,,,,"RTAT2",27.84,-97.072,,,,,,,,,,1655371080000000000
290,4.1,5.1,,,,,1014,-0.4,14.9,21.8,,,,"RTYC1",37.507,-122.212,,,,,,,,,,1655370000000000000
90,5.7,6.2,,,,,1016.6,,28,,22.7,,,"SANF1",24.456,-81.877,,,,,,,,,,1655371800000000000
100,1,2.6,,,,,1017.2,,27.2,30.4,,,,"SAPF1",27.761,-82.627,,,,,,,,,,1655371080000000000
150,2.1,2.1,,,,,1018.3,-0.4,27.7,28.7,24.8,,,"SAUF1",29.857,-81.265,,,,,,,,,,1655370000000000000
120,1,,,,,,1018,-1,25.5,,25.2,,,"SAXG1",31.418,-81.296,,,,,,,,,,1655370000000000000
130,3.1,3.6,,,,,1013.2,-0.8,12.9,12.4,,,,"SBEO3",44.625,-124.045,,,,,,,,,,1655370000000000000
200,7.2,7.7,,,,,1013.4,0,26.1,,,,,"SBIO1",41.629,-82.841,,,,,,,,,,1655370000000000000
160,6.7,7.7,,,,,1007.5,-2,19.9,,,,,"SBLM4",43.81,-83.72,,,,,,,,,,1655370000000000000
240,3.6,4.1,,,,,1012.9,,11.8,,8.2,,,"SCXA2",58.205,-134.646,,,,,,,,,,1655371920000000000
,,,,,,,1010,-0.8,,21.9,,,,"SDBC1",32.714,-117.174,,,,,,,,,,1655370000000000000
140,2.6,2.6,,,,,1021.9,-0.6,18.9,21.4,,,,"SDHN4",40.467,-74.009,,,,,,,,,,1655370000000000000
280,1,3.6,,,,,1015,,12.2,,7.2,,,"SDIA2",58.277,-134.389,,,,,,,,,,1655371560000000000
160,7.2,8.8,,,,,1016.7,,28.9,29.2,,,,"SDRT2",28.407,-96.712,,,,,,,,,,1655371080000000000
,,,,,,,1022.1,-0.3,14.9,15.3,12.2,,,"SEIM1",43.08,-70.742,,,,,,,,,,1655370000000000000
270,5.7,,,,,,1011,,14.9,,9.1,,,"SFXC1",38.2,-122.026,,,,,,,,,,1655369100000000000
180,5.1,6.7,,,,,1016.5,,28.2,30.5,,,,"SGNT2",28.771,-95.617,,,,,,,,,,1655371080000000000
250,5.1,5.7,,,,,1010.3,1.1,19.5,,19,,,"SGNW3",43.749,-87.693,,,,,,,,,,1655370000000000000
,0,0,,,,,1017.8,-0.5,27.3,,24.5,,,"SGOF1",29.408,-84.858,,,,,,,,,,1655370000000000000
260,3.1,3.6,,,,,1017.2,,28,31.6,,,,"SHBL1",29.868,-89.673,,,,,,,,,,1655370720000000000
320,2.1,3.1,,,,,1016.6,,26.9,,,,3.35,"SHPF1",30.058,-84.291,,,,,,,,,,1655366040000000000
,0,1,,,,,1012.2,,10.5,,8.3,,,"SHXA2",57.055,-135.349,,,,,,,,,,1655371980000000000
,,,,,,,1019,,26.2,27.1,,,,"SIPF1",27.862,-80.445,,,,,,,,,,1655364600000000000
280,5.7,6.2,,,,,,,11.5,,,,,"SISA2",58.177,-135.259,,,,,,,,,,1655371320000000000
280,2.6,3.1,,,,,1012.7,,10.5,,10.5,,,"SISW1",48.321,-122.831,,,,,,,,,,1655371800000000000
130,3.1,3.6,,,,,1014.8,,26.8,28.4,,,,"SJNP4",18.459,-66.116,,,,,,,,,,1655371080000000000
160,7.2,8.8,,,,,1021.7,0,21.4,24.1,,,,"SJSN4",39.305,-75.377,,,,,,,,,,1655370000000000000
30,1.5,2.6,,,,,,,,,,,,"SKCF1",27.921,-82.445,,,,,,,,,,1655370720000000000
,,,,,,,1017.9,0.5,10.7,8.6,,,,"SKTA2",59.45,-135.327,,,,,,,,,,1655370000000000000
340,1.5,2.1,,,,,1015.8,,10.7,,7.1,,,"SKXA2",59.448,-135.326,,,,,,,,,,1655371980000000000
160,4.1,5.7,,,,,1019.1,0.3,23.1,24.8,,,,"SLIM2",38.321,-76.452,,,,,,,,,,1655370000000000000
220,6.2,6.7,,,,,1001,,9.2,,,,,"SLVM5",47.278,-91.27,,,,,,,,,,1655368800000000000
70,1.5,2.6,,,,,1007.6,,12.8,,7.7,,,"SLXA2",55.34,-131.644,,,,,,,,,,1655371980000000000
100,5.1,6.2,,,,,1016.7,,27.9,,23.6,,,"SMKF1",24.628,-81.109,,,,,,,,,,1655371800000000000
160,4.1,6.7,,,,,1018,-1.2,6.6,7.5,,,,"SNDA2",55.336,-160.502,,,,,,,,,,1655370000000000000
,,,,,,,,,,27.5,,,,"SNDP5",28.215,-177.361,,,,,,,,,,1655370000000000000
200,2.1,,,,,,1015,,12.6,,10.2,,,"SNTO3",43.279,-124.318,,,,,,,,,,1655368200000000000
150,0.5,1,,,,,1017.6,-0.3,27.1,,,,,"SPGF1",26.704,-78.995,,,,,,,,,,1655370000000000000
10,2.1,3.6,,,,,1009.8,,14.8,,8.1,,,"SPXA2",55.616,-132.203,,,,,,,,,,1655371980000000000
,,,,,,,,,,30.8,,,0.94,"SREF1",25.352,-81.1,,,,,,,,,,1655366400000000000
180,4.6,5.7,,,,,1017.6,0,28.1,,22.6,,,"SRST2",29.683,-94.033,,,,,,,,,,1655370000000000000
,,,0.6,4,,125,,,,,,,,"SSBN7",33.838,-78.484,,,,,,,,,,1655368500000000000
190,9.3,9.8,,,,,,,,,,,,"STDM4",47.184,-87.225,,,,,,,,,,1655370000000000000
100,0.5,2.6,,,,,1011.8,,11.4,,7.7,,,"STXA2",57.116,-135.391,,,,,,,,,,1655371980000000000
190,9.3,10.3,,,,,,,22.1,,,,,"SVNM4",42.401,-86.288,,,,,,,,,,1655371800000000000
,,,,,,,1020.7,-0.4,,9.6,,,,"SWLA2",60.12,-149.427,,,,,,,,,,1655370000000000000
240,3.6,6.2,,,,,1004.9,-0.5,18.6,11.9,,,,"SWPM4",46.501,-84.372,,,,,,,,,,1655370000000000000
,,,,,,,1019.8,0,,24.9,,,,"SWPV2",36.943,-76.329,,,,,,,,,,1655370000000000000
180,4.6,7.7,,,,,1002.7,,17.2,,,,,"SXHW3",46.563,-90.437,,,,,,,,,,1655368800000000000
350,1.5,2.6,,,,,1008.4,,12.2,,8.2,,,"SXXA2",55.315,-131.596,,,,,,,,,,1655371980000000000
,,,,,,,1015.9,,27.4,29.6,,,,"TAQT2",27.815,-97.389,,,,,,,,,,1655371080000000000
240,3.1,4.1,,,,,1011.2,,21.2,,,,,"TAWM4",44.254,-83.449,,,,,,,,,,1655368800000000000
150,5.7,5.7,,,,,,,14,,,,,"TBIM4",45.035,-83.194,,,,,,,,,,1655370000000000000
,,,,,,,,,,31.6,,,-0.18,"TBYF1",25.155,-80.722,,,,,,,,,,1655366400000000000
140,2.1,4.1,,,,,1020.1,-0.3,21.7,24.9,,,,"TCBM2",39.213,-76.244,,,,,,,,,,1655370000000000000
180,0.5,2.1,,,,,,,,,,,,"TCMW1",47.276,-122.418,,,,,,,,,,1655370000000000000
,,,,,,,1013.3,-0.8,,10.6,,,,"TCNW1",47.267,-122.413,,,,,,,,,,1655370000000000000
,,,,,,,,,,31.1,,,-0.25,"TCVF1",25.213,-80.533,,,,,,,,,,1655366400000000000
,,,,,,,,,,9.5,,,,"TDPC1",41.055,-124.147,,,,,,,,,,1655370000000000000
,0,0,,,,,1018.1,,25.3,27.3,,,,"TESL1",29.668,-91.237,,,,,,,,,,1655371080000000000
,,,2,6,,,,,,,,,,"TFBLK",65.698,-24.778,,,,,,,,,,1655370000000000000
190,8.2,8.8,,,,,,,26,,,,,"THLO1",41.826,-83.194,,,,,,,,,,1655370000000000000
,,,,,,,,,,31.2,,,-0.07,"THRF1",25.203,-80.372,,,,,,,,,,1655362800000000000
220,3.6,6.7,,,,,1012.9,0,26.6,,21.9,,,"THRO1",41.694,-83.473,,,,,,,,,,1655370000000000000
,0,,,,,,1012,,13.3,,,,,"TIBC1",37.892,-122.447,,,,,,,,,,1655367420000000000
270,1,,,,,,1011,,17.1,,14.8,,,"TIXC1",32.575,-117.127,,,,,,,,,,1655369100000000000
40,0.5,1.5,,,,,1014,,11.5,,7.2,,,"TKEA2",57.779,-135.219,,,,,,,,,,1655371920000000000
170,3.1,4.1,,,,,1021.1,0,19.9,,16.1,,,"TKPN6",42.014,-73.939,,,,,,,,,,1655370000000000000
,,,,,,,1013.1,-1,,12.6,,,,"TLBO3",45.555,-123.919,,,,,,,,,,1655370000000000000
,,,,,,,1016.3,,27.3,,26.6,5.9,,"TLVT2",27.819,-97.454,,,,,,,,,,1655371080000000000
100,2.6,3.6,,,,,1013.3,-0.9,12.1,14.6,,,,"TOKW1",46.707,-123.967,,,,,,,,,,1655370000000000000
,,,,,,,,,,29.5,,,0.14,"TPEF1",25.41,-80.964,,,,,,,,,,1655366400000000000
140,7.2,8.2,,,,,1020.8,0,23,23.4,,,,"TPLM2",38.899,-76.436,,,,,,,,,,1655370000000000000
190,1.5,2.1,,,,,1016.9,,26.4,30.2,,,,"TRDF1",28.416,-80.593,,,,,,,,,,1655371080000000000
,,,,,,,,,,31.1,,,0.33,"TRRF1",25.217,-80.65,,,,,,,,,,1655366400000000000
210,7.7,8.8,,,,,,,,23,,,,"TWCO1",41.699,-83.259,,,,,,,,,,1655371200000000000
190,3.1,4.6,,,,,1016.7,,27.7,30.4,,,,"TXPT2",29.689,-93.842,,,,,,,,,,1655371080000000000
,,,,,,,1016.7,,27.1,,26.1,5.9,,"TXVT2",27.813,-97.389,,,,,,,,,,1655371080000000000
,,,,,,,1021.4,0,,,,,,"ULRA2",63.872,-160.784,,,,,,,,,,1655370000000000000
140,9.3,15.4,,,,,1005.3,-1.6,8.3,6.7,,,,"UNLA2",53.88,-166.537,,,,,,,,,,1655370000000000000
290,4.6,6.2,,,,,,,,,,,,"UPBC1",38.038,-122.121,,,,,,,,,,1655370000000000000
,,,,,,,,,27.1,,26.5,4.9,,"UTVT2",27.838,-97.052,,,,,,,,,,1655371080000000000
70,3.1,4.6,,,,,1017.2,,29.1,30.6,,,,"VAKF1",25.731,-80.162,,,,,,,,,,1655370720000000000
90,2.1,3.6,,,,,1015,,28.2,31.1,,,,"VCAF1",24.711,-81.107,,,,,,,,,,1655371080000000000
190,4.1,5.1,,,,,1016.7,,27,29.2,,,,"VCAT2",28.64,-96.609,,,,,,,,,,1655371080000000000
,,,,,,,1009.8,-1.8,,4.8,,,,"VCVA2",57.125,-170.285,,,,,,,,,,1655370000000000000
70,0.5,1,,,,,1020.7,0,10.3,,,,,"VDZA2",61.125,-146.361,,,,,,,,,,1655370000000000000
120,1,1.5,,,,,1016.5,-0.9,24.5,29.9,23.5,,,"VENF1",27.072,-82.453,,,,,,,,,,1655370000000000000
150,3.1,4.6,,,,,1016.6,,26.3,,26.3,4.9,,"VTBT2",27.841,-97.52,,,,,,,,,,1655371080000000000
180,2.6,5.1,,,,,1020.1,0,22.3,26.3,,,,"WAHV2",37.608,-75.686,,,,,,,,,,1655370000000000000
100,5.7,7.2,,,,,1014.1,1.4,28.5,30.3,,,,"WAKP8",19.291,166.618,,,,,,,,,,1655370000000000000
150,2.6,4.1,,,,,1019.6,0,24.4,26.8,,,,"WASD2",38.873,-77.021,,,,,,,,,,1655370000000000000
150,0.5,1,,,,,,,22.1,,,,,"WATS1",34.335,-80.702,,,,,,,,,,1655371800000000000
,0,,,,,,1022,,14.5,,,,,"WAXM3",41.582,-70.525,,,,,,,,,,1655369100000000000
30,1.5,2.6,,,,,1009.9,,10.7,,10.1,,,"WCXA2",55.402,-131.729,,,,,,,,,,1655371980000000000
180,2.6,3.6,,,,,1020.5,0.3,22.7,,,,,"WDSV2",36.977,-76.315,,,,,,,,,,1655370000000000000
290,1.5,2.6,,,,,1021.7,-0.4,14.1,16.2,,,,"WELM1",43.32,-70.563,,,,,,,,,,1655370000000000000
240,1,,,,,,,,12.7,,10.5,,,"WEXM1",43.337,-70.549,,,,,,,,,,1655370000000000000
290,3.6,5.7,,,,,1006.4,,16.7,,,,,"WFPM4",46.76,-84.97,,,,,,,,,,1655368800000000000
220,4.1,4.1,,,,,,,21.7,,,,,"WHRI2",42.361,-87.813,,,,,,,,,,1655366400000000000
,,,,,,,,,,29.8,,,0.1,"WIWF1",25.587,-81.044,,,,,,,,,,1655366400000000000
,,,,,,,1017,,26.3,,26,,,"WKXA1",30.421,-87.828,,,,,,,,,,1655369100000000000
,,,,,,,1019.7,0.6,24.6,28.6,,,,"WLON7",34.228,-77.954,,,,,,,,,,1655370000000000000
210,2.6,5.7,,,,,1005.2,-0.3,18.6,9.7,18.1,,,"WNEM4",46.285,-84.21,,,,,,,,,,1655370000000000000
,,,,,,,,,,31.4,,,0.51,"WPLF1",25.71,-81.249,,,,,,,,,,1655366400000000000
10,2.1,2.1,,,,,1012.6,-1.1,11.8,,10.6,,,"WPOW1",47.662,-122.436,,,,,,,,,,1655370000000000000
110,3.6,4.1,,,,,1012.3,,11.3,13.3,,,,"WPTW1",46.904,-124.105,,,,,,,,,,1655368560000000000
,2.6,,,,,,,,,31.4,,,-0.34,"WRBF1",25.072,-80.735,,,,,,,,,,1655366400000000000
210,9.8,,,,,,1007.2,,17.5,13.2,17.5,,,"WSLM4",45.842,-85.135,,,,,,,,,,1655370000000000000
,,,,,,,,,,30.9,,,-0.57,"WWEF1",25.232,-80.938,,,,,,,,,,1655362800000000000
,0,0.5,,,,,1017.3,,30.3,29.8,,,,"WYCM6",30.326,-89.326,,,,,,,,,,1655371080000000000
,,,,,,,1018.9,-0.5,,13,,,,"YATA2",59.548,-139.733,,,,,,,,,,1655370000000000000
180,5.7,6.7,,,,,1020.6,0,23.9,,,,,"YKRV2",37.251,-76.342,,,,,,,,,,1655370000000000000
170,1,1.5,,,,,1020.2,0.3,22.8,24.6,,,,"YKTV2",37.227,-76.479,,,,,,,,,,1655370000000000000
,0,,,,,,1021,,21.5,,15.9,,,"YRSV2",37.414,-76.712,,,,,,,,,,1655368200000000000